ACCOUNT_ID,REGISTRATION_NUMBER,ORGANIZATION_NAME,CITY,PROVINCE,CONTACT_EMAIL,PRODUCER_ROLE,STATUS
DEV_MIGRATION_A_00001,DM-A-00001,Fictional Migration Producer 001,Synthetic City 01,NS,producer001@example.invalid,True,Active
DEV_MIGRATION_A_00002,DM-A-00002,Fictional Migration Producer 002,Synthetic City 02,NS,producer002@example.invalid,True,Active
DEV_MIGRATION_A_00003,DM-A-00003,Fictional Migration Producer 003,Synthetic City 03,NS,producer003@example.invalid,True,Active
DEV_MIGRATION_A_00004,DM-A-00004,Fictional Migration Producer 004,Synthetic City 04,NS,producer004@example.invalid,True,Active
DEV_MIGRATION_A_00005,DM-A-00005,Fictional Migration Producer 005,Synthetic City 05,NS,producer005@example.invalid,True,Active
DEV_MIGRATION_A_00006,DM-A-00006,Fictional Migration Producer 006,Synthetic City 06,NS,producer006@example.invalid,True,Active
DEV_MIGRATION_A_00007,DM-A-00007,Fictional Migration Producer 007,Synthetic City 07,NS,producer007@example.invalid,True,Active
DEV_MIGRATION_A_00008,DM-A-00008,Fictional Migration Producer 008,Synthetic City 08,NS,producer008@example.invalid,True,Active
DEV_MIGRATION_A_00009,DM-A-00009,Fictional Migration Producer 009,Synthetic City 09,NS,producer009@example.invalid,True,Active
DEV_MIGRATION_A_00010,DM-A-00010,Fictional Migration Producer 010,Synthetic City 10,NS,producer010@example.invalid,True,Active
DEV_MIGRATION_A_00011,DM-A-00011,Fictional Migration Producer 011,Synthetic City 01,NS,producer011@example.invalid,True,Active
DEV_MIGRATION_A_00012,DM-A-00012,Fictional Migration Producer 012,Synthetic City 02,NS,producer012@example.invalid,True,Active
DEV_MIGRATION_A_00013,DM-A-00013,Fictional Migration Producer 013,Synthetic City 03,NS,producer013@example.invalid,True,Active
DEV_MIGRATION_A_00014,DM-A-00014,Fictional Migration Producer 014,Synthetic City 04,NS,producer014@example.invalid,True,Active
DEV_MIGRATION_A_00015,DM-A-00015,Fictional Migration Producer 015,Synthetic City 05,NS,producer015@example.invalid,True,Active
DEV_MIGRATION_A_00016,DM-A-00016,Fictional Migration Producer 016,Synthetic City 06,NS,producer016@example.invalid,True,Active
DEV_MIGRATION_A_00017,DM-A-00017,Fictional Migration Producer 017,Synthetic City 07,NS,producer017@example.invalid,True,Active
DEV_MIGRATION_A_00018,DM-A-00018,Fictional Migration Producer 018,Synthetic City 08,NS,producer018@example.invalid,True,Active
DEV_MIGRATION_A_00019,DM-A-00019,Fictional Migration Producer 019,Synthetic City 09,NS,producer019@example.invalid,True,Active
DEV_MIGRATION_A_00020,DM-A-00020,Fictional Migration Producer 020,Synthetic City 10,NS,producer020@example.invalid,True,Active
DEV_MIGRATION_A_00021,DM-A-00021,Fictional Migration Producer 021,Synthetic City 01,NS,producer021@example.invalid,True,Active
DEV_MIGRATION_A_00022,DM-A-00022,Fictional Migration Producer 022,Synthetic City 02,NS,producer022@example.invalid,True,Active
DEV_MIGRATION_A_00023,DM-A-00023,Fictional Migration Producer 023,Synthetic City 03,NS,producer023@example.invalid,True,Active
DEV_MIGRATION_A_00024,DM-A-00024,Fictional Migration Producer 024,Synthetic City 04,NS,producer024@example.invalid,True,Active
DEV_MIGRATION_A_00025,DM-A-00025,Fictional Migration Producer 025,Synthetic City 05,NS,producer025@example.invalid,True,Active
DEV_MIGRATION_A_00026,DM-A-00026,Fictional Migration Producer 026,Synthetic City 06,NS,producer026@example.invalid,True,Active
DEV_MIGRATION_A_00027,DM-A-00027,Fictional Migration Producer 027,Synthetic City 07,NS,producer027@example.invalid,True,Active
DEV_MIGRATION_A_00028,DM-A-00028,Fictional Migration Producer 028,Synthetic City 08,NS,producer028@example.invalid,True,Active
DEV_MIGRATION_A_00029,DM-A-00029,Fictional Migration Producer 029,Synthetic City 09,NS,producer029@example.invalid,True,Active
DEV_MIGRATION_A_00030,DM-A-00030,Fictional Migration Producer 030,Synthetic City 10,NS,producer030@example.invalid,True,Active
DEV_MIGRATION_A_00031,DM-A-00031,Fictional Migration Producer 031,Synthetic City 01,NS,producer031@example.invalid,True,Active
DEV_MIGRATION_A_00032,DM-A-00032,Fictional Migration Producer 032,Synthetic City 02,NS,producer032@example.invalid,True,Active
DEV_MIGRATION_A_00033,DM-A-00033,Fictional Migration Producer 033,Synthetic City 03,NS,producer033@example.invalid,True,Active
DEV_MIGRATION_A_00034,DM-A-00034,Fictional Migration Producer 034,Synthetic City 04,NS,producer034@example.invalid,True,Active
DEV_MIGRATION_A_00035,DM-A-00035,Fictional Migration Producer 035,Synthetic City 05,NS,producer035@example.invalid,True,Active
DEV_MIGRATION_A_00036,DM-A-00036,Fictional Migration Producer 036,Synthetic City 06,NS,producer036@example.invalid,True,Active
DEV_MIGRATION_A_00037,DM-A-00037,Fictional Migration Producer 037,Synthetic City 07,NS,producer037@example.invalid,True,Active
DEV_MIGRATION_A_00038,DM-A-00038,Fictional Migration Producer 038,Synthetic City 08,NS,producer038@example.invalid,True,Active
DEV_MIGRATION_A_00039,DM-A-00039,Fictional Migration Producer 039,Synthetic City 09,NS,producer039@example.invalid,True,Active
DEV_MIGRATION_A_00040,DM-A-00040,Fictional Migration Producer 040,Synthetic City 10,NS,producer040@example.invalid,True,Active
DEV_MIGRATION_A_00041,DM-A-00041,Fictional Migration Producer 041,Synthetic City 01,NS,producer041@example.invalid,True,Active
DEV_MIGRATION_A_00042,DM-A-00042,Fictional Migration Producer 042,Synthetic City 02,NS,producer042@example.invalid,True,Active
DEV_MIGRATION_A_00043,DM-A-00043,Fictional Migration Producer 043,Synthetic City 03,NS,producer043@example.invalid,True,Active
DEV_MIGRATION_A_00044,DM-A-00044,Fictional Migration Producer 044,Synthetic City 04,NS,producer044@example.invalid,True,Active
DEV_MIGRATION_A_00045,DM-A-00045,Fictional Migration Producer 045,Synthetic City 05,NS,producer045@example.invalid,True,Active
DEV_MIGRATION_A_00046,DM-A-00046,Fictional Migration Producer 046,Synthetic City 06,NS,producer046@example.invalid,True,Active
DEV_MIGRATION_A_00047,DM-A-00047,Fictional Migration Producer 047,Synthetic City 07,NS,producer047@example.invalid,True,Active
DEV_MIGRATION_A_00048,DM-A-00048,Fictional Migration Producer 048,Synthetic City 08,NS,producer048@example.invalid,True,Active
DEV_MIGRATION_A_00049,DM-A-00049,Fictional Migration Producer 049,Synthetic City 09,NS,producer049@example.invalid,True,Active
DEV_MIGRATION_A_00050,DM-A-00050,Fictional Migration Producer 050,Synthetic City 10,NS,producer050@example.invalid,True,Active
