FARM_LOCATION_ID,ACCOUNT_ID,LOCATION_NAME,ADDRESS_1,ADDRESS_2,CITY,PROVINCE,POSTAL_CODE,PHONE,STATUS
DEV_MIGRATION_L_00001,DEV_MIGRATION_A_00001,Synthetic Farm Location 001,101 Fictional Migration Road,Synthetic Site 1,Synthetic City 01,NS,B0B 1A1,902-555-0001,Active
DEV_MIGRATION_L_00002,DEV_MIGRATION_A_00002,Synthetic Farm Location 002,102 Fictional Migration Road,Synthetic Site 2,Synthetic City 02,NS,B0B 1A2,902-555-0002,Active
DEV_MIGRATION_L_00003,DEV_MIGRATION_A_00003,Synthetic Farm Location 003,103 Fictional Migration Road,Synthetic Site 3,Synthetic City 03,NS,B0B 1A3,902-555-0003,Active
DEV_MIGRATION_L_00004,DEV_MIGRATION_A_00004,Synthetic Farm Location 004,104 Fictional Migration Road,,Synthetic City 04,NS,B0B 1A4,902-555-0004,Active
DEV_MIGRATION_L_00005,DEV_MIGRATION_A_00005,Synthetic Farm Location 005,105 Fictional Migration Road,Synthetic Site 5,Synthetic City 05,NS,B0B 1A5,902-555-0005,Active
DEV_MIGRATION_L_00006,DEV_MIGRATION_A_00006,Synthetic Farm Location 006,106 Fictional Migration Road,Synthetic Site 6,Synthetic City 06,NS,B0B 1A6,902-555-0006,Active
DEV_MIGRATION_L_00007,DEV_MIGRATION_A_00007,Synthetic Farm Location 007,107 Fictional Migration Road,Synthetic Site 7,Synthetic City 07,NS,B0B 1A7,902-555-0007,Active
DEV_MIGRATION_L_00008,DEV_MIGRATION_A_00008,Synthetic Farm Location 008,108 Fictional Migration Road,,Synthetic City 08,NS,B0B 1A8,902-555-0008,Active
DEV_MIGRATION_L_00009,DEV_MIGRATION_A_00009,Synthetic Farm Location 009,109 Fictional Migration Road,Synthetic Site 9,Synthetic City 09,NS,B0B 1A9,902-555-0009,Active
DEV_MIGRATION_L_00010,DEV_MIGRATION_A_00010,Synthetic Farm Location 010,110 Fictional Migration Road,Synthetic Site 1,Synthetic City 10,NS,B0B 1A0,902-555-0010,Inactive
DEV_MIGRATION_L_00011,DEV_MIGRATION_A_00011,Synthetic Farm Location 011,111 Fictional Migration Road,Synthetic Site 2,Synthetic City 01,NS,B0B 1A1,902-555-0011,Active
DEV_MIGRATION_L_00012,DEV_MIGRATION_A_00012,Synthetic Farm Location 012,112 Fictional Migration Road,,Synthetic City 02,NS,B0B 1A2,902-555-0012,Active
DEV_MIGRATION_L_00013,DEV_MIGRATION_A_00013,Synthetic Farm Location 013,113 Fictional Migration Road,Synthetic Site 4,Synthetic City 03,NS,B0B 1A3,902-555-0013,Active
DEV_MIGRATION_L_00014,DEV_MIGRATION_A_00014,Synthetic Farm Location 014,114 Fictional Migration Road,Synthetic Site 5,Synthetic City 04,NS,B0B 1A4,902-555-0014,Active
DEV_MIGRATION_L_00015,DEV_MIGRATION_A_00015,Synthetic Farm Location 015,115 Fictional Migration Road,Synthetic Site 6,Synthetic City 05,NS,B0B 1A5,902-555-0015,Active
DEV_MIGRATION_L_00016,DEV_MIGRATION_A_00016,Synthetic Farm Location 016,116 Fictional Migration Road,,Synthetic City 06,NS,B0B 1A6,902-555-0016,Active
DEV_MIGRATION_L_00017,DEV_MIGRATION_A_00017,Synthetic Farm Location 017,117 Fictional Migration Road,Synthetic Site 8,Synthetic City 07,NS,B0B 1A7,902-555-0017,Active
DEV_MIGRATION_L_00018,DEV_MIGRATION_A_00018,Synthetic Farm Location 018,118 Fictional Migration Road,Synthetic Site 9,Synthetic City 08,NS,B0B 1A8,902-555-0018,Active
DEV_MIGRATION_L_00019,DEV_MIGRATION_A_00019,Synthetic Farm Location 019,119 Fictional Migration Road,Synthetic Site 1,Synthetic City 09,NS,B0B 1A9,902-555-0019,Active
DEV_MIGRATION_L_00020,DEV_MIGRATION_A_00020,Synthetic Farm Location 020,120 Fictional Migration Road,,Synthetic City 10,NS,B0B 1A0,902-555-0020,Inactive
DEV_MIGRATION_L_00021,DEV_MIGRATION_A_00021,Synthetic Farm Location 021,121 Fictional Migration Road,Synthetic Site 3,Synthetic City 01,NS,B0B 1A1,902-555-0021,Active
DEV_MIGRATION_L_00022,DEV_MIGRATION_A_00022,Synthetic Farm Location 022,122 Fictional Migration Road,Synthetic Site 4,Synthetic City 02,NS,B0B 1A2,902-555-0022,Active
DEV_MIGRATION_L_00023,DEV_MIGRATION_A_00023,Synthetic Farm Location 023,123 Fictional Migration Road,Synthetic Site 5,Synthetic City 03,NS,B0B 1A3,902-555-0023,Active
DEV_MIGRATION_L_00024,DEV_MIGRATION_A_00024,Synthetic Farm Location 024,124 Fictional Migration Road,,Synthetic City 04,NS,B0B 1A4,902-555-0024,Active
DEV_MIGRATION_L_00025,DEV_MIGRATION_A_00025,Synthetic Farm Location 025,125 Fictional Migration Road,Synthetic Site 7,Synthetic City 05,NS,B0B 1A5,902-555-0025,Active
DEV_MIGRATION_L_00026,DEV_MIGRATION_A_00026,Synthetic Farm Location 026,126 Fictional Migration Road,Synthetic Site 8,Synthetic City 06,NS,B0B 1A6,902-555-0026,Active
DEV_MIGRATION_L_00027,DEV_MIGRATION_A_00027,Synthetic Farm Location 027,127 Fictional Migration Road,Synthetic Site 9,Synthetic City 07,NS,B0B 1A7,902-555-0027,Active
DEV_MIGRATION_L_00028,DEV_MIGRATION_A_00028,Synthetic Farm Location 028,128 Fictional Migration Road,,Synthetic City 08,NS,B0B 1A8,902-555-0028,Active
DEV_MIGRATION_L_00029,DEV_MIGRATION_A_00029,Synthetic Farm Location 029,129 Fictional Migration Road,Synthetic Site 2,Synthetic City 09,NS,B0B 1A9,902-555-0029,Active
DEV_MIGRATION_L_00030,DEV_MIGRATION_A_00030,Synthetic Farm Location 030,130 Fictional Migration Road,Synthetic Site 3,Synthetic City 10,NS,B0B 1A0,902-555-0030,Inactive
DEV_MIGRATION_L_00031,DEV_MIGRATION_A_00031,Synthetic Farm Location 031,131 Fictional Migration Road,Synthetic Site 4,Synthetic City 01,NS,B0B 1A1,902-555-0031,Active
DEV_MIGRATION_L_00032,DEV_MIGRATION_A_00032,Synthetic Farm Location 032,132 Fictional Migration Road,,Synthetic City 02,NS,B0B 1A2,902-555-0032,Active
DEV_MIGRATION_L_00033,DEV_MIGRATION_A_00033,Synthetic Farm Location 033,133 Fictional Migration Road,Synthetic Site 6,Synthetic City 03,NS,B0B 1A3,902-555-0033,Active
DEV_MIGRATION_L_00034,DEV_MIGRATION_A_00034,Synthetic Farm Location 034,134 Fictional Migration Road,Synthetic Site 7,Synthetic City 04,NS,B0B 1A4,902-555-0034,Active
DEV_MIGRATION_L_00035,DEV_MIGRATION_A_00035,Synthetic Farm Location 035,135 Fictional Migration Road,Synthetic Site 8,Synthetic City 05,NS,B0B 1A5,902-555-0035,Active
DEV_MIGRATION_L_00036,DEV_MIGRATION_A_00036,Synthetic Farm Location 036,136 Fictional Migration Road,,Synthetic City 06,NS,B0B 1A6,902-555-0036,Active
DEV_MIGRATION_L_00037,DEV_MIGRATION_A_00037,Synthetic Farm Location 037,137 Fictional Migration Road,Synthetic Site 1,Synthetic City 07,NS,B0B 1A7,902-555-0037,Active
DEV_MIGRATION_L_00038,DEV_MIGRATION_A_00038,Synthetic Farm Location 038,138 Fictional Migration Road,Synthetic Site 2,Synthetic City 08,NS,B0B 1A8,902-555-0038,Active
DEV_MIGRATION_L_00039,DEV_MIGRATION_A_00039,Synthetic Farm Location 039,139 Fictional Migration Road,Synthetic Site 3,Synthetic City 09,NS,B0B 1A9,902-555-0039,Active
DEV_MIGRATION_L_00040,DEV_MIGRATION_A_00040,Synthetic Farm Location 040,140 Fictional Migration Road,,Synthetic City 10,NS,B0B 1A0,902-555-0040,Inactive
DEV_MIGRATION_L_00041,DEV_MIGRATION_A_00041,Synthetic Farm Location 041,141 Fictional Migration Road,Synthetic Site 5,Synthetic City 01,NS,B0B 1A1,902-555-0041,Active
DEV_MIGRATION_L_00042,DEV_MIGRATION_A_00042,Synthetic Farm Location 042,142 Fictional Migration Road,Synthetic Site 6,Synthetic City 02,NS,B0B 1A2,902-555-0042,Active
DEV_MIGRATION_L_00043,DEV_MIGRATION_A_00043,Synthetic Farm Location 043,143 Fictional Migration Road,Synthetic Site 7,Synthetic City 03,NS,B0B 1A3,902-555-0043,Active
DEV_MIGRATION_L_00044,DEV_MIGRATION_A_00044,Synthetic Farm Location 044,144 Fictional Migration Road,,Synthetic City 04,NS,B0B 1A4,902-555-0044,Active
DEV_MIGRATION_L_00045,DEV_MIGRATION_A_00045,Synthetic Farm Location 045,145 Fictional Migration Road,Synthetic Site 9,Synthetic City 05,NS,B0B 1A5,902-555-0045,Active
DEV_MIGRATION_L_00046,DEV_MIGRATION_A_00046,Synthetic Farm Location 046,146 Fictional Migration Road,Synthetic Site 1,Synthetic City 06,NS,B0B 1A6,902-555-0046,Active
DEV_MIGRATION_L_00047,DEV_MIGRATION_A_00047,Synthetic Farm Location 047,147 Fictional Migration Road,Synthetic Site 2,Synthetic City 07,NS,B0B 1A7,902-555-0047,Active
DEV_MIGRATION_L_00048,DEV_MIGRATION_A_00048,Synthetic Farm Location 048,148 Fictional Migration Road,,Synthetic City 08,NS,B0B 1A8,902-555-0048,Active
DEV_MIGRATION_L_00049,DEV_MIGRATION_A_00049,Synthetic Farm Location 049,149 Fictional Migration Road,Synthetic Site 4,Synthetic City 09,NS,B0B 1A9,902-555-0049,Active
DEV_MIGRATION_L_00050,DEV_MIGRATION_A_00050,Synthetic Farm Location 050,150 Fictional Migration Road,Synthetic Site 5,Synthetic City 10,NS,B0B 1A0,902-555-0050,Inactive
DEV_MIGRATION_L_00051,DEV_MIGRATION_A_00001,Synthetic Farm Location 051,151 Fictional Migration Road,Synthetic Site 6,Synthetic City 01,NS,B0B 1A1,902-555-0051,Active
DEV_MIGRATION_L_00052,DEV_MIGRATION_A_00002,Synthetic Farm Location 052,152 Fictional Migration Road,,Synthetic City 02,NS,B0B 1A2,902-555-0052,Active
DEV_MIGRATION_L_00053,DEV_MIGRATION_A_00003,Synthetic Farm Location 053,153 Fictional Migration Road,Synthetic Site 8,Synthetic City 03,NS,B0B 1A3,902-555-0053,Active
DEV_MIGRATION_L_00054,DEV_MIGRATION_A_00004,Synthetic Farm Location 054,154 Fictional Migration Road,Synthetic Site 9,Synthetic City 04,NS,B0B 1A4,902-555-0054,Active
DEV_MIGRATION_L_00055,DEV_MIGRATION_A_00005,Synthetic Farm Location 055,155 Fictional Migration Road,Synthetic Site 1,Synthetic City 05,NS,B0B 1A5,902-555-0055,Active
DEV_MIGRATION_L_00056,DEV_MIGRATION_A_00006,Synthetic Farm Location 056,156 Fictional Migration Road,,Synthetic City 06,NS,B0B 1A6,902-555-0056,Active
DEV_MIGRATION_L_00057,DEV_MIGRATION_A_00007,Synthetic Farm Location 057,157 Fictional Migration Road,Synthetic Site 3,Synthetic City 07,NS,B0B 1A7,902-555-0057,Active
DEV_MIGRATION_L_00058,DEV_MIGRATION_A_00008,Synthetic Farm Location 058,158 Fictional Migration Road,Synthetic Site 4,Synthetic City 08,NS,B0B 1A8,902-555-0058,Active
DEV_MIGRATION_L_00059,DEV_MIGRATION_A_00009,Synthetic Farm Location 059,159 Fictional Migration Road,Synthetic Site 5,Synthetic City 09,NS,B0B 1A9,902-555-0059,Active
DEV_MIGRATION_L_00060,DEV_MIGRATION_A_00010,Synthetic Farm Location 060,160 Fictional Migration Road,,Synthetic City 10,NS,B0B 1A0,902-555-0060,Inactive
DEV_MIGRATION_L_00061,DEV_MIGRATION_A_00011,Synthetic Farm Location 061,161 Fictional Migration Road,Synthetic Site 7,Synthetic City 01,NS,B0B 1A1,902-555-0061,Active
DEV_MIGRATION_L_00062,DEV_MIGRATION_A_00012,Synthetic Farm Location 062,162 Fictional Migration Road,Synthetic Site 8,Synthetic City 02,NS,B0B 1A2,902-555-0062,Active
DEV_MIGRATION_L_00063,DEV_MIGRATION_A_00013,Synthetic Farm Location 063,163 Fictional Migration Road,Synthetic Site 9,Synthetic City 03,NS,B0B 1A3,902-555-0063,Active
DEV_MIGRATION_L_00064,DEV_MIGRATION_A_00014,Synthetic Farm Location 064,164 Fictional Migration Road,,Synthetic City 04,NS,B0B 1A4,902-555-0064,Active
DEV_MIGRATION_L_00065,DEV_MIGRATION_A_00015,Synthetic Farm Location 065,165 Fictional Migration Road,Synthetic Site 2,Synthetic City 05,NS,B0B 1A5,902-555-0065,Active
DEV_MIGRATION_L_00066,DEV_MIGRATION_A_00016,Synthetic Farm Location 066,166 Fictional Migration Road,Synthetic Site 3,Synthetic City 06,NS,B0B 1A6,902-555-0066,Active
DEV_MIGRATION_L_00067,DEV_MIGRATION_A_00017,Synthetic Farm Location 067,167 Fictional Migration Road,Synthetic Site 4,Synthetic City 07,NS,B0B 1A7,902-555-0067,Active
DEV_MIGRATION_L_00068,DEV_MIGRATION_A_00018,Synthetic Farm Location 068,168 Fictional Migration Road,,Synthetic City 08,NS,B0B 1A8,902-555-0068,Active
DEV_MIGRATION_L_00069,DEV_MIGRATION_A_00019,Synthetic Farm Location 069,169 Fictional Migration Road,Synthetic Site 6,Synthetic City 09,NS,B0B 1A9,902-555-0069,Active
DEV_MIGRATION_L_00070,DEV_MIGRATION_A_00020,Synthetic Farm Location 070,170 Fictional Migration Road,Synthetic Site 7,Synthetic City 10,NS,B0B 1A0,902-555-0070,Inactive
DEV_MIGRATION_L_00071,DEV_MIGRATION_A_00021,Synthetic Farm Location 071,171 Fictional Migration Road,Synthetic Site 8,Synthetic City 01,NS,B0B 1A1,902-555-0071,Active
DEV_MIGRATION_L_00072,DEV_MIGRATION_A_00022,Synthetic Farm Location 072,172 Fictional Migration Road,,Synthetic City 02,NS,B0B 1A2,902-555-0072,Active
DEV_MIGRATION_L_00073,DEV_MIGRATION_A_00023,Synthetic Farm Location 073,173 Fictional Migration Road,Synthetic Site 1,Synthetic City 03,NS,B0B 1A3,902-555-0073,Active
DEV_MIGRATION_L_00074,DEV_MIGRATION_A_00024,Synthetic Farm Location 074,174 Fictional Migration Road,Synthetic Site 2,Synthetic City 04,NS,B0B 1A4,902-555-0074,Active
DEV_MIGRATION_L_00075,DEV_MIGRATION_A_00025,Synthetic Farm Location 075,175 Fictional Migration Road,Synthetic Site 3,Synthetic City 05,NS,B0B 1A5,902-555-0075,Active
DEV_MIGRATION_L_00076,DEV_MIGRATION_A_00026,Synthetic Farm Location 076,176 Fictional Migration Road,,Synthetic City 06,NS,B0B 1A6,902-555-0076,Active
DEV_MIGRATION_L_00077,DEV_MIGRATION_A_00027,Synthetic Farm Location 077,177 Fictional Migration Road,Synthetic Site 5,Synthetic City 07,NS,B0B 1A7,902-555-0077,Active
DEV_MIGRATION_L_00078,DEV_MIGRATION_A_00028,Synthetic Farm Location 078,178 Fictional Migration Road,Synthetic Site 6,Synthetic City 08,NS,B0B 1A8,902-555-0078,Active
DEV_MIGRATION_L_00079,DEV_MIGRATION_A_00029,Synthetic Farm Location 079,179 Fictional Migration Road,Synthetic Site 7,Synthetic City 09,NS,B0B 1A9,902-555-0079,Active
DEV_MIGRATION_L_00080,DEV_MIGRATION_A_00030,Synthetic Farm Location 080,180 Fictional Migration Road,,Synthetic City 10,NS,B0B 1A0,902-555-0080,Inactive
DEV_MIGRATION_L_00081,DEV_MIGRATION_A_00031,Synthetic Farm Location 081,181 Fictional Migration Road,Synthetic Site 9,Synthetic City 01,NS,B0B 1A1,902-555-0081,Active
DEV_MIGRATION_L_00082,DEV_MIGRATION_A_00032,Synthetic Farm Location 082,182 Fictional Migration Road,Synthetic Site 1,Synthetic City 02,NS,B0B 1A2,902-555-0082,Active
DEV_MIGRATION_L_00083,DEV_MIGRATION_A_00033,Synthetic Farm Location 083,183 Fictional Migration Road,Synthetic Site 2,Synthetic City 03,NS,B0B 1A3,902-555-0083,Active
DEV_MIGRATION_L_00084,DEV_MIGRATION_A_00034,Synthetic Farm Location 084,184 Fictional Migration Road,,Synthetic City 04,NS,B0B 1A4,902-555-0084,Active
DEV_MIGRATION_L_00085,DEV_MIGRATION_A_00035,Synthetic Farm Location 085,185 Fictional Migration Road,Synthetic Site 4,Synthetic City 05,NS,B0B 1A5,902-555-0085,Active
DEV_MIGRATION_L_00086,DEV_MIGRATION_A_00036,Synthetic Farm Location 086,186 Fictional Migration Road,Synthetic Site 5,Synthetic City 06,NS,B0B 1A6,902-555-0086,Active
DEV_MIGRATION_L_00087,DEV_MIGRATION_A_00037,Synthetic Farm Location 087,187 Fictional Migration Road,Synthetic Site 6,Synthetic City 07,NS,B0B 1A7,902-555-0087,Active
DEV_MIGRATION_L_00088,DEV_MIGRATION_A_00038,Synthetic Farm Location 088,188 Fictional Migration Road,,Synthetic City 08,NS,B0B 1A8,902-555-0088,Active
DEV_MIGRATION_L_00089,DEV_MIGRATION_A_00039,Synthetic Farm Location 089,189 Fictional Migration Road,Synthetic Site 8,Synthetic City 09,NS,B0B 1A9,902-555-0089,Active
DEV_MIGRATION_L_00090,DEV_MIGRATION_A_00040,Synthetic Farm Location 090,190 Fictional Migration Road,Synthetic Site 9,Synthetic City 10,NS,B0B 1A0,902-555-0090,Inactive
DEV_MIGRATION_L_00091,DEV_MIGRATION_A_00041,Synthetic Farm Location 091,191 Fictional Migration Road,Synthetic Site 1,Synthetic City 01,NS,B0B 1A1,902-555-0091,Active
DEV_MIGRATION_L_00092,DEV_MIGRATION_A_00042,Synthetic Farm Location 092,192 Fictional Migration Road,,Synthetic City 02,NS,B0B 1A2,902-555-0092,Active
DEV_MIGRATION_L_00093,DEV_MIGRATION_A_00043,Synthetic Farm Location 093,193 Fictional Migration Road,Synthetic Site 3,Synthetic City 03,NS,B0B 1A3,902-555-0093,Active
DEV_MIGRATION_L_00094,DEV_MIGRATION_A_00044,Synthetic Farm Location 094,194 Fictional Migration Road,Synthetic Site 4,Synthetic City 04,NS,B0B 1A4,902-555-0094,Active
DEV_MIGRATION_L_00095,DEV_MIGRATION_A_00045,Synthetic Farm Location 095,195 Fictional Migration Road,Synthetic Site 5,Synthetic City 05,NS,B0B 1A5,902-555-0095,Active
DEV_MIGRATION_L_00096,DEV_MIGRATION_A_00046,Synthetic Farm Location 096,196 Fictional Migration Road,,Synthetic City 06,NS,B0B 1A6,902-555-0096,Active
DEV_MIGRATION_L_00097,DEV_MIGRATION_A_00047,Synthetic Farm Location 097,197 Fictional Migration Road,Synthetic Site 7,Synthetic City 07,NS,B0B 1A7,902-555-0097,Active
DEV_MIGRATION_L_00098,DEV_MIGRATION_A_00048,Synthetic Farm Location 098,198 Fictional Migration Road,Synthetic Site 8,Synthetic City 08,NS,B0B 1A8,902-555-0098,Active
DEV_MIGRATION_L_00099,DEV_MIGRATION_A_00049,Synthetic Farm Location 099,199 Fictional Migration Road,Synthetic Site 9,Synthetic City 09,NS,B0B 1A9,902-555-0099,Active
DEV_MIGRATION_L_00100,DEV_MIGRATION_A_00050,Synthetic Farm Location 100,200 Fictional Migration Road,,Synthetic City 10,NS,B0B 1A0,902-555-0100,Inactive
DEV_MIGRATION_L_00101,DEV_MIGRATION_A_00001,Synthetic Farm Location 101,201 Fictional Migration Road,Synthetic Site 2,Synthetic City 01,NS,B0B 1A1,902-555-0101,Active
DEV_MIGRATION_L_00102,DEV_MIGRATION_A_00002,Synthetic Farm Location 102,202 Fictional Migration Road,Synthetic Site 3,Synthetic City 02,NS,B0B 1A2,902-555-0102,Active
DEV_MIGRATION_L_00103,DEV_MIGRATION_A_00003,Synthetic Farm Location 103,203 Fictional Migration Road,Synthetic Site 4,Synthetic City 03,NS,B0B 1A3,902-555-0103,Active
DEV_MIGRATION_L_00104,DEV_MIGRATION_A_00004,Synthetic Farm Location 104,204 Fictional Migration Road,,Synthetic City 04,NS,B0B 1A4,902-555-0104,Active
DEV_MIGRATION_L_00105,DEV_MIGRATION_A_00005,Synthetic Farm Location 105,205 Fictional Migration Road,Synthetic Site 6,Synthetic City 05,NS,B0B 1A5,902-555-0105,Active
DEV_MIGRATION_L_00106,DEV_MIGRATION_A_00006,Synthetic Farm Location 106,206 Fictional Migration Road,Synthetic Site 7,Synthetic City 06,NS,B0B 1A6,902-555-0106,Active
DEV_MIGRATION_L_00107,DEV_MIGRATION_A_00007,Synthetic Farm Location 107,207 Fictional Migration Road,Synthetic Site 8,Synthetic City 07,NS,B0B 1A7,902-555-0107,Active
DEV_MIGRATION_L_00108,DEV_MIGRATION_A_00008,Synthetic Farm Location 108,208 Fictional Migration Road,,Synthetic City 08,NS,B0B 1A8,902-555-0108,Active
DEV_MIGRATION_L_00109,DEV_MIGRATION_A_00009,Synthetic Farm Location 109,209 Fictional Migration Road,Synthetic Site 1,Synthetic City 09,NS,B0B 1A9,902-555-0109,Active
DEV_MIGRATION_L_00110,DEV_MIGRATION_A_00010,Synthetic Farm Location 110,210 Fictional Migration Road,Synthetic Site 2,Synthetic City 10,NS,B0B 1A0,902-555-0110,Inactive
DEV_MIGRATION_L_00111,DEV_MIGRATION_A_00011,Synthetic Farm Location 111,211 Fictional Migration Road,Synthetic Site 3,Synthetic City 01,NS,B0B 1A1,902-555-0111,Active
DEV_MIGRATION_L_00112,DEV_MIGRATION_A_00012,Synthetic Farm Location 112,212 Fictional Migration Road,,Synthetic City 02,NS,B0B 1A2,902-555-0112,Active
DEV_MIGRATION_L_00113,DEV_MIGRATION_A_00013,Synthetic Farm Location 113,213 Fictional Migration Road,Synthetic Site 5,Synthetic City 03,NS,B0B 1A3,902-555-0113,Active
DEV_MIGRATION_L_00114,DEV_MIGRATION_A_00014,Synthetic Farm Location 114,214 Fictional Migration Road,Synthetic Site 6,Synthetic City 04,NS,B0B 1A4,902-555-0114,Active
DEV_MIGRATION_L_00115,DEV_MIGRATION_A_00015,Synthetic Farm Location 115,215 Fictional Migration Road,Synthetic Site 7,Synthetic City 05,NS,B0B 1A5,902-555-0115,Active
DEV_MIGRATION_L_00116,DEV_MIGRATION_A_00016,Synthetic Farm Location 116,216 Fictional Migration Road,,Synthetic City 06,NS,B0B 1A6,902-555-0116,Active
DEV_MIGRATION_L_00117,DEV_MIGRATION_A_00017,Synthetic Farm Location 117,217 Fictional Migration Road,Synthetic Site 9,Synthetic City 07,NS,B0B 1A7,902-555-0117,Active
DEV_MIGRATION_L_00118,DEV_MIGRATION_A_00018,Synthetic Farm Location 118,218 Fictional Migration Road,Synthetic Site 1,Synthetic City 08,NS,B0B 1A8,902-555-0118,Active
DEV_MIGRATION_L_00119,DEV_MIGRATION_A_00019,Synthetic Farm Location 119,219 Fictional Migration Road,Synthetic Site 2,Synthetic City 09,NS,B0B 1A9,902-555-0119,Active
DEV_MIGRATION_L_00120,DEV_MIGRATION_A_00020,Synthetic Farm Location 120,220 Fictional Migration Road,,Synthetic City 10,NS,B0B 1A0,902-555-0120,Inactive
DEV_MIGRATION_L_00121,DEV_MIGRATION_A_00021,Synthetic Farm Location 121,221 Fictional Migration Road,Synthetic Site 4,Synthetic City 01,NS,B0B 1A1,902-555-0121,Active
DEV_MIGRATION_L_00122,DEV_MIGRATION_A_00022,Synthetic Farm Location 122,222 Fictional Migration Road,Synthetic Site 5,Synthetic City 02,NS,B0B 1A2,902-555-0122,Active
DEV_MIGRATION_L_00123,DEV_MIGRATION_A_00023,Synthetic Farm Location 123,223 Fictional Migration Road,Synthetic Site 6,Synthetic City 03,NS,B0B 1A3,902-555-0123,Active
DEV_MIGRATION_L_00124,DEV_MIGRATION_A_00024,Synthetic Farm Location 124,224 Fictional Migration Road,,Synthetic City 04,NS,B0B 1A4,902-555-0124,Active
DEV_MIGRATION_L_00125,DEV_MIGRATION_A_00025,Synthetic Farm Location 125,225 Fictional Migration Road,Synthetic Site 8,Synthetic City 05,NS,B0B 1A5,902-555-0125,Active
