QUOTA_TRANSACTION_ID,TRANSACTION_TYPE,QUOTA_ID,EFFECTIVE_DATE,END_DATE,QUOTA_COUNT,OWNER_ACCOUNT_ID,RELATED_ACCOUNT_ID,RELATED_QUOTA_ID,RELATED_TRANSACTION_ID,PRICE,QUOTA_LEASE_TYPE,COMMENTS
DEV_MIGRATION_QT_00001,Purchase,DEV_MIGRATION_Q_00001,2025-01-01,,101,DEV_MIGRATION_A_00001,DEV_MIGRATION_A_00002,,,"1,234.50",Fixed Term,Fictional quota activity.
DEV_MIGRATION_QT_00002,Sale,DEV_MIGRATION_Q_00001,2025-01-01,,102,DEV_MIGRATION_A_00001,DEV_MIGRATION_A_00003,,,"1,234.50",Fixed Term,Fictional quota activity.
DEV_MIGRATION_QT_00003,Lease In,DEV_MIGRATION_Q_00001,2025-01-01,,103,DEV_MIGRATION_A_00001,DEV_MIGRATION_A_00004,,,"1,234.50",Fixed Term,Fictional quota activity.
DEV_MIGRATION_QT_00004,Purchase,DEV_MIGRATION_Q_00002,2025-01-01,,104,DEV_MIGRATION_A_00001,DEV_MIGRATION_A_00005,,,"1,234.50",Fixed Term,Fictional quota activity.
DEV_MIGRATION_QT_00005,Sale,DEV_MIGRATION_Q_00002,2025-01-01,,105,DEV_MIGRATION_A_00001,DEV_MIGRATION_A_00006,,,"1,234.50",Fixed Term,Fictional quota activity.
DEV_MIGRATION_QT_00006,Lease In,DEV_MIGRATION_Q_00002,2025-01-01,,106,DEV_MIGRATION_A_00001,DEV_MIGRATION_A_00007,,,"1,234.50",Fixed Term,Fictional quota activity.
DEV_MIGRATION_QT_00007,Purchase,DEV_MIGRATION_Q_00003,2025-01-01,,107,DEV_MIGRATION_A_00002,DEV_MIGRATION_A_00008,,,"1,234.50",Fixed Term,Fictional quota activity.
DEV_MIGRATION_QT_00008,Sale,DEV_MIGRATION_Q_00003,2025-01-01,,108,DEV_MIGRATION_A_00002,DEV_MIGRATION_A_00009,,,"1,234.50",Fixed Term,Fictional quota activity.
DEV_MIGRATION_QT_00009,Lease In,DEV_MIGRATION_Q_00003,2025-01-01,,109,DEV_MIGRATION_A_00002,DEV_MIGRATION_A_00010,,,"1,234.50",Fixed Term,Fictional quota activity.
DEV_MIGRATION_QT_00010,Purchase,DEV_MIGRATION_Q_00004,2025-01-01,,110,DEV_MIGRATION_A_00002,DEV_MIGRATION_A_00011,,,"1,234.50",Fixed Term,Fictional quota activity.
DEV_MIGRATION_QT_00011,Sale,DEV_MIGRATION_Q_00004,2025-01-01,,111,DEV_MIGRATION_A_00002,DEV_MIGRATION_A_00012,,,"1,234.50",Fixed Term,Fictional quota activity.
DEV_MIGRATION_QT_00012,Lease In,DEV_MIGRATION_Q_00004,2025-01-01,,112,DEV_MIGRATION_A_00002,DEV_MIGRATION_A_00013,,,"1,234.50",Fixed Term,Fictional quota activity.
DEV_MIGRATION_QT_00013,Purchase,DEV_MIGRATION_Q_00005,2025-01-01,,113,DEV_MIGRATION_A_00003,DEV_MIGRATION_A_00014,,,"1,234.50",Fixed Term,Fictional quota activity.
DEV_MIGRATION_QT_00014,Sale,DEV_MIGRATION_Q_00005,2025-01-01,,114,DEV_MIGRATION_A_00003,DEV_MIGRATION_A_00015,,,"1,234.50",Fixed Term,Fictional quota activity.
DEV_MIGRATION_QT_00015,Lease In,DEV_MIGRATION_Q_00005,2025-01-01,,115,DEV_MIGRATION_A_00003,DEV_MIGRATION_A_00016,,,"1,234.50",Fixed Term,Fictional quota activity.
DEV_MIGRATION_QT_00016,Purchase,DEV_MIGRATION_Q_00006,2025-01-01,,116,DEV_MIGRATION_A_00003,DEV_MIGRATION_A_00017,,,"1,234.50",Fixed Term,Fictional quota activity.
DEV_MIGRATION_QT_00017,Sale,DEV_MIGRATION_Q_00006,2025-01-01,,117,DEV_MIGRATION_A_00003,DEV_MIGRATION_A_00018,,,"1,234.50",Fixed Term,Fictional quota activity.
DEV_MIGRATION_QT_00018,Lease In,DEV_MIGRATION_Q_00006,2025-01-01,,118,DEV_MIGRATION_A_00003,DEV_MIGRATION_A_00019,,,"1,234.50",Fixed Term,Fictional quota activity.
DEV_MIGRATION_QT_00019,Purchase,DEV_MIGRATION_Q_00007,2025-01-01,,119,DEV_MIGRATION_A_00004,DEV_MIGRATION_A_00020,,,"1,234.50",Fixed Term,Fictional quota activity.
DEV_MIGRATION_QT_00020,Sale,DEV_MIGRATION_Q_00007,2025-01-01,,120,DEV_MIGRATION_A_00004,DEV_MIGRATION_A_00021,,,"1,234.50",Fixed Term,Fictional quota activity.
DEV_MIGRATION_QT_00021,Lease In,DEV_MIGRATION_Q_00007,2025-01-01,,121,DEV_MIGRATION_A_00004,DEV_MIGRATION_A_00022,,,"1,234.50",Fixed Term,Fictional quota activity.
DEV_MIGRATION_QT_00022,Purchase,DEV_MIGRATION_Q_00008,2025-01-01,,122,DEV_MIGRATION_A_00004,DEV_MIGRATION_A_00023,,,"1,234.50",Fixed Term,Fictional quota activity.
DEV_MIGRATION_QT_00023,Sale,DEV_MIGRATION_Q_00008,2025-01-01,,123,DEV_MIGRATION_A_00004,DEV_MIGRATION_A_00024,,,"1,234.50",Fixed Term,Fictional quota activity.
DEV_MIGRATION_QT_00024,Lease In,DEV_MIGRATION_Q_00008,2025-01-01,,124,DEV_MIGRATION_A_00004,DEV_MIGRATION_A_00025,,,"1,234.50",Fixed Term,Fictional quota activity.
DEV_MIGRATION_QT_00025,Purchase,DEV_MIGRATION_Q_00009,2025-01-01,,125,DEV_MIGRATION_A_00005,DEV_MIGRATION_A_00026,,,"1,234.50",Fixed Term,Fictional quota activity.
DEV_MIGRATION_QT_00026,Sale,DEV_MIGRATION_Q_00009,2025-01-01,,126,DEV_MIGRATION_A_00005,DEV_MIGRATION_A_00027,,,"1,234.50",Fixed Term,Fictional quota activity.
DEV_MIGRATION_QT_00027,Lease In,DEV_MIGRATION_Q_00009,2025-01-01,,127,DEV_MIGRATION_A_00005,DEV_MIGRATION_A_00028,,,"1,234.50",Fixed Term,Fictional quota activity.
DEV_MIGRATION_QT_00028,Purchase,DEV_MIGRATION_Q_00010,2025-01-01,,128,DEV_MIGRATION_A_00005,DEV_MIGRATION_A_00029,,,"1,234.50",Fixed Term,Fictional quota activity.
DEV_MIGRATION_QT_00029,Sale,DEV_MIGRATION_Q_00010,2025-01-01,,129,DEV_MIGRATION_A_00005,DEV_MIGRATION_A_00030,,,"1,234.50",Fixed Term,Fictional quota activity.
DEV_MIGRATION_QT_00030,Lease In,DEV_MIGRATION_Q_00010,2025-01-01,,130,DEV_MIGRATION_A_00005,DEV_MIGRATION_A_00031,,,"1,234.50",Fixed Term,Fictional quota activity.
DEV_MIGRATION_QT_00031,Purchase,DEV_MIGRATION_Q_00011,2025-01-01,,131,DEV_MIGRATION_A_00006,DEV_MIGRATION_A_00032,,,"1,234.50",Fixed Term,Fictional quota activity.
DEV_MIGRATION_QT_00032,Sale,DEV_MIGRATION_Q_00011,2025-01-01,,132,DEV_MIGRATION_A_00006,DEV_MIGRATION_A_00033,,,"1,234.50",Fixed Term,Fictional quota activity.
DEV_MIGRATION_QT_00033,Lease In,DEV_MIGRATION_Q_00011,2025-01-01,,133,DEV_MIGRATION_A_00006,DEV_MIGRATION_A_00034,,,"1,234.50",Fixed Term,Fictional quota activity.
DEV_MIGRATION_QT_00034,Purchase,DEV_MIGRATION_Q_00012,2025-01-01,,134,DEV_MIGRATION_A_00006,DEV_MIGRATION_A_00035,,,"1,234.50",Fixed Term,Fictional quota activity.
DEV_MIGRATION_QT_00035,Sale,DEV_MIGRATION_Q_00012,2025-01-01,,135,DEV_MIGRATION_A_00006,DEV_MIGRATION_A_00036,,,"1,234.50",Fixed Term,Fictional quota activity.
DEV_MIGRATION_QT_00036,Lease In,DEV_MIGRATION_Q_00012,2025-01-01,,136,DEV_MIGRATION_A_00006,DEV_MIGRATION_A_00037,,,"1,234.50",Fixed Term,Fictional quota activity.
DEV_MIGRATION_QT_00037,Purchase,DEV_MIGRATION_Q_00013,2025-01-01,,137,DEV_MIGRATION_A_00007,DEV_MIGRATION_A_00038,,,"1,234.50",Fixed Term,Fictional quota activity.
DEV_MIGRATION_QT_00038,Sale,DEV_MIGRATION_Q_00013,2025-01-01,,138,DEV_MIGRATION_A_00007,DEV_MIGRATION_A_00039,,,"1,234.50",Fixed Term,Fictional quota activity.
DEV_MIGRATION_QT_00039,Lease In,DEV_MIGRATION_Q_00013,2025-01-01,,139,DEV_MIGRATION_A_00007,DEV_MIGRATION_A_00040,,,"1,234.50",Fixed Term,Fictional quota activity.
DEV_MIGRATION_QT_00040,Purchase,DEV_MIGRATION_Q_00014,2025-01-01,,140,DEV_MIGRATION_A_00007,DEV_MIGRATION_A_00041,,,"1,234.50",Fixed Term,Fictional quota activity.
DEV_MIGRATION_QT_00041,Sale,DEV_MIGRATION_Q_00014,2025-01-01,,141,DEV_MIGRATION_A_00007,DEV_MIGRATION_A_00042,,,"1,234.50",Fixed Term,Fictional quota activity.
DEV_MIGRATION_QT_00042,Lease In,DEV_MIGRATION_Q_00014,2025-01-01,,142,DEV_MIGRATION_A_00007,DEV_MIGRATION_A_00043,,,"1,234.50",Fixed Term,Fictional quota activity.
DEV_MIGRATION_QT_00043,Purchase,DEV_MIGRATION_Q_00015,2025-01-01,,143,DEV_MIGRATION_A_00008,DEV_MIGRATION_A_00044,,,"1,234.50",Fixed Term,Fictional quota activity.
DEV_MIGRATION_QT_00044,Sale,DEV_MIGRATION_Q_00015,2025-01-01,,144,DEV_MIGRATION_A_00008,DEV_MIGRATION_A_00045,,,"1,234.50",Fixed Term,Fictional quota activity.
DEV_MIGRATION_QT_00045,Lease In,DEV_MIGRATION_Q_00015,2025-01-01,,145,DEV_MIGRATION_A_00008,DEV_MIGRATION_A_00046,,,"1,234.50",Fixed Term,Fictional quota activity.
DEV_MIGRATION_QT_00046,Purchase,DEV_MIGRATION_Q_00016,2025-01-01,,146,DEV_MIGRATION_A_00008,DEV_MIGRATION_A_00047,,,"1,234.50",Fixed Term,Fictional quota activity.
DEV_MIGRATION_QT_00047,Sale,DEV_MIGRATION_Q_00016,2025-01-01,,147,DEV_MIGRATION_A_00008,DEV_MIGRATION_A_00048,,,"1,234.50",Fixed Term,Fictional quota activity.
DEV_MIGRATION_QT_00048,Lease In,DEV_MIGRATION_Q_00016,2025-01-01,,148,DEV_MIGRATION_A_00008,DEV_MIGRATION_A_00049,,,"1,234.50",Fixed Term,Fictional quota activity.
DEV_MIGRATION_QT_00049,Purchase,DEV_MIGRATION_Q_00017,2025-01-01,,149,DEV_MIGRATION_A_00009,DEV_MIGRATION_A_00050,,,"1,234.50",Fixed Term,Fictional quota activity.
DEV_MIGRATION_QT_00050,Sale,DEV_MIGRATION_Q_00017,2025-01-01,,150,DEV_MIGRATION_A_00009,DEV_MIGRATION_A_00001,,,"1,234.50",Fixed Term,Fictional quota activity.
DEV_MIGRATION_QT_00051,Lease In,DEV_MIGRATION_Q_00017,2025-01-01,,151,DEV_MIGRATION_A_00009,DEV_MIGRATION_A_00002,,,"1,234.50",Fixed Term,Fictional quota activity.
DEV_MIGRATION_QT_00052,Purchase,DEV_MIGRATION_Q_00018,2025-01-01,,152,DEV_MIGRATION_A_00009,DEV_MIGRATION_A_00003,,,"1,234.50",Fixed Term,Fictional quota activity.
DEV_MIGRATION_QT_00053,Sale,DEV_MIGRATION_Q_00018,2025-01-01,,153,DEV_MIGRATION_A_00009,DEV_MIGRATION_A_00004,,,"1,234.50",Fixed Term,Fictional quota activity.
DEV_MIGRATION_QT_00054,Lease In,DEV_MIGRATION_Q_00018,2025-01-01,,154,DEV_MIGRATION_A_00009,DEV_MIGRATION_A_00005,,,"1,234.50",Fixed Term,Fictional quota activity.
DEV_MIGRATION_QT_00055,Purchase,DEV_MIGRATION_Q_00019,2025-01-01,,155,DEV_MIGRATION_A_00010,DEV_MIGRATION_A_00006,,,"1,234.50",Fixed Term,Fictional quota activity.
DEV_MIGRATION_QT_00056,Sale,DEV_MIGRATION_Q_00019,2025-01-01,,156,DEV_MIGRATION_A_00010,DEV_MIGRATION_A_00007,,,"1,234.50",Fixed Term,Fictional quota activity.
DEV_MIGRATION_QT_00057,Lease In,DEV_MIGRATION_Q_00019,2025-01-01,,157,DEV_MIGRATION_A_00010,DEV_MIGRATION_A_00008,,,"1,234.50",Fixed Term,Fictional quota activity.
DEV_MIGRATION_QT_00058,Purchase,DEV_MIGRATION_Q_00020,2025-01-01,,158,DEV_MIGRATION_A_00010,DEV_MIGRATION_A_00009,,,"1,234.50",Fixed Term,Fictional quota activity.
DEV_MIGRATION_QT_00059,Sale,DEV_MIGRATION_Q_00020,2025-01-01,,159,DEV_MIGRATION_A_00010,DEV_MIGRATION_A_00010,,,"1,234.50",Fixed Term,Fictional quota activity.
DEV_MIGRATION_QT_00060,Lease In,DEV_MIGRATION_Q_00020,2025-01-01,,160,DEV_MIGRATION_A_00010,DEV_MIGRATION_A_00011,,,"1,234.50",Fixed Term,Fictional quota activity.
DEV_MIGRATION_QT_00061,Purchase,DEV_MIGRATION_Q_00021,2025-01-01,,161,DEV_MIGRATION_A_00011,DEV_MIGRATION_A_00012,,,"1,234.50",Fixed Term,Fictional quota activity.
DEV_MIGRATION_QT_00062,Sale,DEV_MIGRATION_Q_00021,2025-01-01,,162,DEV_MIGRATION_A_00011,DEV_MIGRATION_A_00013,,,"1,234.50",Fixed Term,Fictional quota activity.
DEV_MIGRATION_QT_00063,Lease In,DEV_MIGRATION_Q_00021,2025-01-01,,163,DEV_MIGRATION_A_00011,DEV_MIGRATION_A_00014,,,"1,234.50",Fixed Term,Fictional quota activity.
DEV_MIGRATION_QT_00064,Purchase,DEV_MIGRATION_Q_00022,2025-01-01,,164,DEV_MIGRATION_A_00011,DEV_MIGRATION_A_00015,,,"1,234.50",Fixed Term,Fictional quota activity.
DEV_MIGRATION_QT_00065,Sale,DEV_MIGRATION_Q_00022,2025-01-01,,165,DEV_MIGRATION_A_00011,DEV_MIGRATION_A_00016,,,"1,234.50",Fixed Term,Fictional quota activity.
DEV_MIGRATION_QT_00066,Lease In,DEV_MIGRATION_Q_00022,2025-01-01,,166,DEV_MIGRATION_A_00011,DEV_MIGRATION_A_00017,,,"1,234.50",Fixed Term,Fictional quota activity.
DEV_MIGRATION_QT_00067,Purchase,DEV_MIGRATION_Q_00023,2025-01-01,,167,DEV_MIGRATION_A_00012,DEV_MIGRATION_A_00018,,,"1,234.50",Fixed Term,Fictional quota activity.
DEV_MIGRATION_QT_00068,Sale,DEV_MIGRATION_Q_00023,2025-01-01,,168,DEV_MIGRATION_A_00012,DEV_MIGRATION_A_00019,,,"1,234.50",Fixed Term,Fictional quota activity.
DEV_MIGRATION_QT_00069,Lease In,DEV_MIGRATION_Q_00023,2025-01-01,,169,DEV_MIGRATION_A_00012,DEV_MIGRATION_A_00020,,,"1,234.50",Fixed Term,Fictional quota activity.
DEV_MIGRATION_QT_00070,Purchase,DEV_MIGRATION_Q_00024,2025-01-01,,170,DEV_MIGRATION_A_00012,DEV_MIGRATION_A_00021,,,"1,234.50",Fixed Term,Fictional quota activity.
DEV_MIGRATION_QT_00071,Sale,DEV_MIGRATION_Q_00024,2025-01-01,,171,DEV_MIGRATION_A_00012,DEV_MIGRATION_A_00022,,,"1,234.50",Fixed Term,Fictional quota activity.
DEV_MIGRATION_QT_00072,Lease In,DEV_MIGRATION_Q_00024,2025-01-01,,172,DEV_MIGRATION_A_00012,DEV_MIGRATION_A_00023,,,"1,234.50",Fixed Term,Fictional quota activity.
DEV_MIGRATION_QT_00073,Purchase,DEV_MIGRATION_Q_00025,2025-01-01,,173,DEV_MIGRATION_A_00013,DEV_MIGRATION_A_00024,,,"1,234.50",Fixed Term,Fictional quota activity.
DEV_MIGRATION_QT_00074,Sale,DEV_MIGRATION_Q_00025,2025-01-01,,174,DEV_MIGRATION_A_00013,DEV_MIGRATION_A_00025,,,"1,234.50",Fixed Term,Fictional quota activity.
DEV_MIGRATION_QT_00075,Lease In,DEV_MIGRATION_Q_00025,2025-01-01,,175,DEV_MIGRATION_A_00013,DEV_MIGRATION_A_00026,,,"1,234.50",Fixed Term,Fictional quota activity.
DEV_MIGRATION_QT_00076,Purchase,DEV_MIGRATION_Q_00026,2025-01-01,,176,DEV_MIGRATION_A_00013,DEV_MIGRATION_A_00027,,,"1,234.50",Fixed Term,Fictional quota activity.
DEV_MIGRATION_QT_00077,Sale,DEV_MIGRATION_Q_00026,2025-01-01,,177,DEV_MIGRATION_A_00013,DEV_MIGRATION_A_00028,,,"1,234.50",Fixed Term,Fictional quota activity.
DEV_MIGRATION_QT_00078,Lease In,DEV_MIGRATION_Q_00026,2025-01-01,,178,DEV_MIGRATION_A_00013,DEV_MIGRATION_A_00029,,,"1,234.50",Fixed Term,Fictional quota activity.
DEV_MIGRATION_QT_00079,Purchase,DEV_MIGRATION_Q_00027,2025-01-01,,179,DEV_MIGRATION_A_00014,DEV_MIGRATION_A_00030,,,"1,234.50",Fixed Term,Fictional quota activity.
DEV_MIGRATION_QT_00080,Sale,DEV_MIGRATION_Q_00027,2025-01-01,,180,DEV_MIGRATION_A_00014,DEV_MIGRATION_A_00031,,,"1,234.50",Fixed Term,Fictional quota activity.
DEV_MIGRATION_QT_00081,Lease In,DEV_MIGRATION_Q_00027,2025-01-01,,181,DEV_MIGRATION_A_00014,DEV_MIGRATION_A_00032,,,"1,234.50",Fixed Term,Fictional quota activity.
DEV_MIGRATION_QT_00082,Purchase,DEV_MIGRATION_Q_00028,2025-01-01,,182,DEV_MIGRATION_A_00014,DEV_MIGRATION_A_00033,,,"1,234.50",Fixed Term,Fictional quota activity.
DEV_MIGRATION_QT_00083,Sale,DEV_MIGRATION_Q_00028,2025-01-01,,183,DEV_MIGRATION_A_00014,DEV_MIGRATION_A_00034,,,"1,234.50",Fixed Term,Fictional quota activity.
DEV_MIGRATION_QT_00084,Lease In,DEV_MIGRATION_Q_00028,2025-01-01,,184,DEV_MIGRATION_A_00014,DEV_MIGRATION_A_00035,,,"1,234.50",Fixed Term,Fictional quota activity.
DEV_MIGRATION_QT_00085,Purchase,DEV_MIGRATION_Q_00029,2025-01-01,,185,DEV_MIGRATION_A_00015,DEV_MIGRATION_A_00036,,,"1,234.50",Fixed Term,Fictional quota activity.
DEV_MIGRATION_QT_00086,Sale,DEV_MIGRATION_Q_00029,2025-01-01,,186,DEV_MIGRATION_A_00015,DEV_MIGRATION_A_00037,,,"1,234.50",Fixed Term,Fictional quota activity.
DEV_MIGRATION_QT_00087,Lease In,DEV_MIGRATION_Q_00029,2025-01-01,,187,DEV_MIGRATION_A_00015,DEV_MIGRATION_A_00038,,,"1,234.50",Fixed Term,Fictional quota activity.
DEV_MIGRATION_QT_00088,Purchase,DEV_MIGRATION_Q_00030,2025-01-01,,188,DEV_MIGRATION_A_00015,DEV_MIGRATION_A_00039,,,"1,234.50",Fixed Term,Fictional quota activity.
DEV_MIGRATION_QT_00089,Sale,DEV_MIGRATION_Q_00030,2025-01-01,,189,DEV_MIGRATION_A_00015,DEV_MIGRATION_A_00040,,,"1,234.50",Fixed Term,Fictional quota activity.
DEV_MIGRATION_QT_00090,Lease In,DEV_MIGRATION_Q_00030,2025-01-01,,190,DEV_MIGRATION_A_00015,DEV_MIGRATION_A_00041,,,"1,234.50",Fixed Term,Fictional quota activity.
DEV_MIGRATION_QT_00091,Purchase,DEV_MIGRATION_Q_00031,2025-01-01,,191,DEV_MIGRATION_A_00016,DEV_MIGRATION_A_00042,,,"1,234.50",Fixed Term,Fictional quota activity.
DEV_MIGRATION_QT_00092,Sale,DEV_MIGRATION_Q_00031,2025-01-01,,192,DEV_MIGRATION_A_00016,DEV_MIGRATION_A_00043,,,"1,234.50",Fixed Term,Fictional quota activity.
DEV_MIGRATION_QT_00093,Lease In,DEV_MIGRATION_Q_00031,2025-01-01,,193,DEV_MIGRATION_A_00016,DEV_MIGRATION_A_00044,,,"1,234.50",Fixed Term,Fictional quota activity.
DEV_MIGRATION_QT_00094,Purchase,DEV_MIGRATION_Q_00032,2025-01-01,,194,DEV_MIGRATION_A_00016,DEV_MIGRATION_A_00045,,,"1,234.50",Fixed Term,Fictional quota activity.
DEV_MIGRATION_QT_00095,Sale,DEV_MIGRATION_Q_00032,2025-01-01,,195,DEV_MIGRATION_A_00016,DEV_MIGRATION_A_00046,,,"1,234.50",Fixed Term,Fictional quota activity.
DEV_MIGRATION_QT_00096,Lease In,DEV_MIGRATION_Q_00032,2025-01-01,,196,DEV_MIGRATION_A_00016,DEV_MIGRATION_A_00047,,,"1,234.50",Fixed Term,Fictional quota activity.
DEV_MIGRATION_QT_00097,Purchase,DEV_MIGRATION_Q_00033,2025-01-01,,197,DEV_MIGRATION_A_00017,DEV_MIGRATION_A_00048,,,"1,234.50",Fixed Term,Fictional quota activity.
DEV_MIGRATION_QT_00098,Sale,DEV_MIGRATION_Q_00033,2025-01-01,,198,DEV_MIGRATION_A_00017,DEV_MIGRATION_A_00049,,,"1,234.50",Fixed Term,Fictional quota activity.
DEV_MIGRATION_QT_00099,Lease In,DEV_MIGRATION_Q_00033,2025-01-01,,199,DEV_MIGRATION_A_00017,DEV_MIGRATION_A_00050,,,"1,234.50",Fixed Term,Fictional quota activity.
DEV_MIGRATION_QT_00100,Purchase,DEV_MIGRATION_Q_00034,2025-01-01,,200,DEV_MIGRATION_A_00017,DEV_MIGRATION_A_00001,,,"1,234.50",Fixed Term,Fictional quota activity.
DEV_MIGRATION_QT_00101,Sale,DEV_MIGRATION_Q_00034,2025-01-01,,201,DEV_MIGRATION_A_00017,DEV_MIGRATION_A_00002,,,"1,234.50",Fixed Term,Fictional quota activity.
DEV_MIGRATION_QT_00102,Lease In,DEV_MIGRATION_Q_00034,2025-01-01,,202,DEV_MIGRATION_A_00017,DEV_MIGRATION_A_00003,,,"1,234.50",Fixed Term,Fictional quota activity.
DEV_MIGRATION_QT_00103,Purchase,DEV_MIGRATION_Q_00035,2025-01-01,,203,DEV_MIGRATION_A_00018,DEV_MIGRATION_A_00004,,,"1,234.50",Fixed Term,Fictional quota activity.
DEV_MIGRATION_QT_00104,Sale,DEV_MIGRATION_Q_00035,2025-01-01,,204,DEV_MIGRATION_A_00018,DEV_MIGRATION_A_00005,,,"1,234.50",Fixed Term,Fictional quota activity.
DEV_MIGRATION_QT_00105,Lease In,DEV_MIGRATION_Q_00035,2025-01-01,,205,DEV_MIGRATION_A_00018,DEV_MIGRATION_A_00006,,,"1,234.50",Fixed Term,Fictional quota activity.
DEV_MIGRATION_QT_00106,Purchase,DEV_MIGRATION_Q_00036,2025-01-01,,206,DEV_MIGRATION_A_00018,DEV_MIGRATION_A_00007,,,"1,234.50",Fixed Term,Fictional quota activity.
DEV_MIGRATION_QT_00107,Sale,DEV_MIGRATION_Q_00036,2025-01-01,,207,DEV_MIGRATION_A_00018,DEV_MIGRATION_A_00008,,,"1,234.50",Fixed Term,Fictional quota activity.
DEV_MIGRATION_QT_00108,Lease In,DEV_MIGRATION_Q_00036,2025-01-01,,208,DEV_MIGRATION_A_00018,DEV_MIGRATION_A_00009,,,"1,234.50",Fixed Term,Fictional quota activity.
DEV_MIGRATION_QT_00109,Purchase,DEV_MIGRATION_Q_00037,2025-01-01,,209,DEV_MIGRATION_A_00019,DEV_MIGRATION_A_00010,,,"1,234.50",Fixed Term,Fictional quota activity.
DEV_MIGRATION_QT_00110,Sale,DEV_MIGRATION_Q_00037,2025-01-01,,210,DEV_MIGRATION_A_00019,DEV_MIGRATION_A_00011,,,"1,234.50",Fixed Term,Fictional quota activity.
DEV_MIGRATION_QT_00111,Lease In,DEV_MIGRATION_Q_00037,2025-01-01,,211,DEV_MIGRATION_A_00019,DEV_MIGRATION_A_00012,,,"1,234.50",Fixed Term,Fictional quota activity.
DEV_MIGRATION_QT_00112,Purchase,DEV_MIGRATION_Q_00038,2025-01-01,,212,DEV_MIGRATION_A_00019,DEV_MIGRATION_A_00013,,,"1,234.50",Fixed Term,Fictional quota activity.
DEV_MIGRATION_QT_00113,Sale,DEV_MIGRATION_Q_00038,2025-01-01,,213,DEV_MIGRATION_A_00019,DEV_MIGRATION_A_00014,,,"1,234.50",Fixed Term,Fictional quota activity.
DEV_MIGRATION_QT_00114,Lease In,DEV_MIGRATION_Q_00038,2025-01-01,,214,DEV_MIGRATION_A_00019,DEV_MIGRATION_A_00015,,,"1,234.50",Fixed Term,Fictional quota activity.
DEV_MIGRATION_QT_00115,Purchase,DEV_MIGRATION_Q_00039,2025-01-01,,215,DEV_MIGRATION_A_00020,DEV_MIGRATION_A_00016,,,"1,234.50",Fixed Term,Fictional quota activity.
DEV_MIGRATION_QT_00116,Sale,DEV_MIGRATION_Q_00039,2025-01-01,,216,DEV_MIGRATION_A_00020,DEV_MIGRATION_A_00017,,,"1,234.50",Fixed Term,Fictional quota activity.
DEV_MIGRATION_QT_00117,Lease In,DEV_MIGRATION_Q_00039,2025-01-01,,217,DEV_MIGRATION_A_00020,DEV_MIGRATION_A_00018,,,"1,234.50",Fixed Term,Fictional quota activity.
DEV_MIGRATION_QT_00118,Purchase,DEV_MIGRATION_Q_00040,2025-01-01,,218,DEV_MIGRATION_A_00020,DEV_MIGRATION_A_00019,,,"1,234.50",Fixed Term,Fictional quota activity.
DEV_MIGRATION_QT_00119,Sale,DEV_MIGRATION_Q_00040,2025-01-01,,219,DEV_MIGRATION_A_00020,DEV_MIGRATION_A_00020,,,"1,234.50",Fixed Term,Fictional quota activity.
DEV_MIGRATION_QT_00120,Lease In,DEV_MIGRATION_Q_00040,2025-01-01,,220,DEV_MIGRATION_A_00020,DEV_MIGRATION_A_00021,,,"1,234.50",Fixed Term,Fictional quota activity.
DEV_MIGRATION_QT_00121,Purchase,DEV_MIGRATION_Q_00041,2025-01-01,,221,DEV_MIGRATION_A_00021,DEV_MIGRATION_A_00022,,,"1,234.50",Fixed Term,Fictional quota activity.
DEV_MIGRATION_QT_00122,Sale,DEV_MIGRATION_Q_00041,2025-01-01,,222,DEV_MIGRATION_A_00021,DEV_MIGRATION_A_00023,,,"1,234.50",Fixed Term,Fictional quota activity.
DEV_MIGRATION_QT_00123,Lease In,DEV_MIGRATION_Q_00041,2025-01-01,,223,DEV_MIGRATION_A_00021,DEV_MIGRATION_A_00024,,,"1,234.50",Fixed Term,Fictional quota activity.
DEV_MIGRATION_QT_00124,Purchase,DEV_MIGRATION_Q_00042,2025-01-01,,224,DEV_MIGRATION_A_00021,DEV_MIGRATION_A_00025,,,"1,234.50",Fixed Term,Fictional quota activity.
DEV_MIGRATION_QT_00125,Sale,DEV_MIGRATION_Q_00042,2025-01-01,,225,DEV_MIGRATION_A_00021,DEV_MIGRATION_A_00026,,,"1,234.50",Fixed Term,Fictional quota activity.
DEV_MIGRATION_QT_00126,Lease In,DEV_MIGRATION_Q_00042,2025-01-01,,226,DEV_MIGRATION_A_00021,DEV_MIGRATION_A_00027,,,"1,234.50",Fixed Term,Fictional quota activity.
DEV_MIGRATION_QT_00127,Purchase,DEV_MIGRATION_Q_00043,2025-01-01,,227,DEV_MIGRATION_A_00022,DEV_MIGRATION_A_00028,,,"1,234.50",Fixed Term,Fictional quota activity.
DEV_MIGRATION_QT_00128,Sale,DEV_MIGRATION_Q_00043,2025-01-01,,228,DEV_MIGRATION_A_00022,DEV_MIGRATION_A_00029,,,"1,234.50",Fixed Term,Fictional quota activity.
DEV_MIGRATION_QT_00129,Lease In,DEV_MIGRATION_Q_00043,2025-01-01,,229,DEV_MIGRATION_A_00022,DEV_MIGRATION_A_00030,,,"1,234.50",Fixed Term,Fictional quota activity.
DEV_MIGRATION_QT_00130,Purchase,DEV_MIGRATION_Q_00044,2025-01-01,,230,DEV_MIGRATION_A_00022,DEV_MIGRATION_A_00031,,,"1,234.50",Fixed Term,Fictional quota activity.
DEV_MIGRATION_QT_00131,Sale,DEV_MIGRATION_Q_00044,2025-01-01,,231,DEV_MIGRATION_A_00022,DEV_MIGRATION_A_00032,,,"1,234.50",Fixed Term,Fictional quota activity.
DEV_MIGRATION_QT_00132,Lease In,DEV_MIGRATION_Q_00044,2025-01-01,,232,DEV_MIGRATION_A_00022,DEV_MIGRATION_A_00033,,,"1,234.50",Fixed Term,Fictional quota activity.
DEV_MIGRATION_QT_00133,Purchase,DEV_MIGRATION_Q_00045,2025-01-01,,233,DEV_MIGRATION_A_00023,DEV_MIGRATION_A_00034,,,"1,234.50",Fixed Term,Fictional quota activity.
DEV_MIGRATION_QT_00134,Sale,DEV_MIGRATION_Q_00045,2025-01-01,,234,DEV_MIGRATION_A_00023,DEV_MIGRATION_A_00035,,,"1,234.50",Fixed Term,Fictional quota activity.
DEV_MIGRATION_QT_00135,Lease In,DEV_MIGRATION_Q_00045,2025-01-01,,235,DEV_MIGRATION_A_00023,DEV_MIGRATION_A_00036,,,"1,234.50",Fixed Term,Fictional quota activity.
DEV_MIGRATION_QT_00136,Purchase,DEV_MIGRATION_Q_00046,2025-01-01,,236,DEV_MIGRATION_A_00023,DEV_MIGRATION_A_00037,,,"1,234.50",Fixed Term,Fictional quota activity.
DEV_MIGRATION_QT_00137,Sale,DEV_MIGRATION_Q_00046,2025-01-01,,237,DEV_MIGRATION_A_00023,DEV_MIGRATION_A_00038,,,"1,234.50",Fixed Term,Fictional quota activity.
DEV_MIGRATION_QT_00138,Lease In,DEV_MIGRATION_Q_00046,2025-01-01,,238,DEV_MIGRATION_A_00023,DEV_MIGRATION_A_00039,,,"1,234.50",Fixed Term,Fictional quota activity.
DEV_MIGRATION_QT_00139,Purchase,DEV_MIGRATION_Q_00047,2025-01-01,,239,DEV_MIGRATION_A_00024,DEV_MIGRATION_A_00040,,,"1,234.50",Fixed Term,Fictional quota activity.
DEV_MIGRATION_QT_00140,Sale,DEV_MIGRATION_Q_00047,2025-01-01,,240,DEV_MIGRATION_A_00024,DEV_MIGRATION_A_00041,,,"1,234.50",Fixed Term,Fictional quota activity.
DEV_MIGRATION_QT_00141,Lease In,DEV_MIGRATION_Q_00047,2025-01-01,,241,DEV_MIGRATION_A_00024,DEV_MIGRATION_A_00042,,,"1,234.50",Fixed Term,Fictional quota activity.
DEV_MIGRATION_QT_00142,Purchase,DEV_MIGRATION_Q_00048,2025-01-01,,242,DEV_MIGRATION_A_00024,DEV_MIGRATION_A_00043,,,"1,234.50",Fixed Term,Fictional quota activity.
DEV_MIGRATION_QT_00143,Sale,DEV_MIGRATION_Q_00048,2025-01-01,,243,DEV_MIGRATION_A_00024,DEV_MIGRATION_A_00044,,,"1,234.50",Fixed Term,Fictional quota activity.
DEV_MIGRATION_QT_00144,Lease In,DEV_MIGRATION_Q_00048,2025-01-01,,244,DEV_MIGRATION_A_00024,DEV_MIGRATION_A_00045,,,"1,234.50",Fixed Term,Fictional quota activity.
DEV_MIGRATION_QT_00145,Purchase,DEV_MIGRATION_Q_00049,2025-01-01,,245,DEV_MIGRATION_A_00025,DEV_MIGRATION_A_00046,,,"1,234.50",Fixed Term,Fictional quota activity.
DEV_MIGRATION_QT_00146,Sale,DEV_MIGRATION_Q_00049,2025-01-01,,246,DEV_MIGRATION_A_00025,DEV_MIGRATION_A_00047,,,"1,234.50",Fixed Term,Fictional quota activity.
DEV_MIGRATION_QT_00147,Lease In,DEV_MIGRATION_Q_00049,2025-01-01,,247,DEV_MIGRATION_A_00025,DEV_MIGRATION_A_00048,,,"1,234.50",Fixed Term,Fictional quota activity.
DEV_MIGRATION_QT_00148,Purchase,DEV_MIGRATION_Q_00050,2025-01-01,,248,DEV_MIGRATION_A_00025,DEV_MIGRATION_A_00049,,,"1,234.50",Fixed Term,Fictional quota activity.
DEV_MIGRATION_QT_00149,Sale,DEV_MIGRATION_Q_00050,2025-01-01,,249,DEV_MIGRATION_A_00025,DEV_MIGRATION_A_00050,,,"1,234.50",Fixed Term,Fictional quota activity.
DEV_MIGRATION_QT_00150,Lease In,DEV_MIGRATION_Q_00050,2025-01-01,,250,DEV_MIGRATION_A_00025,DEV_MIGRATION_A_00001,,,"1,234.50",Fixed Term,Fictional quota activity.
DEV_MIGRATION_QT_00151,Purchase,DEV_MIGRATION_Q_00051,2025-01-01,,251,DEV_MIGRATION_A_00026,DEV_MIGRATION_A_00002,,,"1,234.50",Fixed Term,Fictional quota activity.
DEV_MIGRATION_QT_00152,Sale,DEV_MIGRATION_Q_00051,2025-01-01,,252,DEV_MIGRATION_A_00026,DEV_MIGRATION_A_00003,,,"1,234.50",Fixed Term,Fictional quota activity.
DEV_MIGRATION_QT_00153,Lease In,DEV_MIGRATION_Q_00051,2025-01-01,,253,DEV_MIGRATION_A_00026,DEV_MIGRATION_A_00004,,,"1,234.50",Fixed Term,Fictional quota activity.
DEV_MIGRATION_QT_00154,Purchase,DEV_MIGRATION_Q_00052,2025-01-01,,254,DEV_MIGRATION_A_00026,DEV_MIGRATION_A_00005,,,"1,234.50",Fixed Term,Fictional quota activity.
DEV_MIGRATION_QT_00155,Sale,DEV_MIGRATION_Q_00052,2025-01-01,,255,DEV_MIGRATION_A_00026,DEV_MIGRATION_A_00006,,,"1,234.50",Fixed Term,Fictional quota activity.
DEV_MIGRATION_QT_00156,Lease In,DEV_MIGRATION_Q_00052,2025-01-01,,256,DEV_MIGRATION_A_00026,DEV_MIGRATION_A_00007,,,"1,234.50",Fixed Term,Fictional quota activity.
DEV_MIGRATION_QT_00157,Purchase,DEV_MIGRATION_Q_00053,2025-01-01,,257,DEV_MIGRATION_A_00027,DEV_MIGRATION_A_00008,,,"1,234.50",Fixed Term,Fictional quota activity.
DEV_MIGRATION_QT_00158,Sale,DEV_MIGRATION_Q_00053,2025-01-01,,258,DEV_MIGRATION_A_00027,DEV_MIGRATION_A_00009,,,"1,234.50",Fixed Term,Fictional quota activity.
DEV_MIGRATION_QT_00159,Lease In,DEV_MIGRATION_Q_00053,2025-01-01,,259,DEV_MIGRATION_A_00027,DEV_MIGRATION_A_00010,,,"1,234.50",Fixed Term,Fictional quota activity.
DEV_MIGRATION_QT_00160,Purchase,DEV_MIGRATION_Q_00054,2025-01-01,,260,DEV_MIGRATION_A_00027,DEV_MIGRATION_A_00011,,,"1,234.50",Fixed Term,Fictional quota activity.
DEV_MIGRATION_QT_00161,Sale,DEV_MIGRATION_Q_00054,2025-01-01,,261,DEV_MIGRATION_A_00027,DEV_MIGRATION_A_00012,,,"1,234.50",Fixed Term,Fictional quota activity.
DEV_MIGRATION_QT_00162,Lease In,DEV_MIGRATION_Q_00054,2025-01-01,,262,DEV_MIGRATION_A_00027,DEV_MIGRATION_A_00013,,,"1,234.50",Fixed Term,Fictional quota activity.
DEV_MIGRATION_QT_00163,Purchase,DEV_MIGRATION_Q_00055,2025-01-01,,263,DEV_MIGRATION_A_00028,DEV_MIGRATION_A_00014,,,"1,234.50",Fixed Term,Fictional quota activity.
DEV_MIGRATION_QT_00164,Sale,DEV_MIGRATION_Q_00055,2025-01-01,,264,DEV_MIGRATION_A_00028,DEV_MIGRATION_A_00015,,,"1,234.50",Fixed Term,Fictional quota activity.
DEV_MIGRATION_QT_00165,Lease In,DEV_MIGRATION_Q_00055,2025-01-01,,265,DEV_MIGRATION_A_00028,DEV_MIGRATION_A_00016,,,"1,234.50",Fixed Term,Fictional quota activity.
DEV_MIGRATION_QT_00166,Purchase,DEV_MIGRATION_Q_00056,2025-01-01,,266,DEV_MIGRATION_A_00028,DEV_MIGRATION_A_00017,,,"1,234.50",Fixed Term,Fictional quota activity.
DEV_MIGRATION_QT_00167,Sale,DEV_MIGRATION_Q_00056,2025-01-01,,267,DEV_MIGRATION_A_00028,DEV_MIGRATION_A_00018,,,"1,234.50",Fixed Term,Fictional quota activity.
DEV_MIGRATION_QT_00168,Lease In,DEV_MIGRATION_Q_00056,2025-01-01,,268,DEV_MIGRATION_A_00028,DEV_MIGRATION_A_00019,,,"1,234.50",Fixed Term,Fictional quota activity.
DEV_MIGRATION_QT_00169,Purchase,DEV_MIGRATION_Q_00057,2025-01-01,,269,DEV_MIGRATION_A_00029,DEV_MIGRATION_A_00020,,,"1,234.50",Fixed Term,Fictional quota activity.
DEV_MIGRATION_QT_00170,Sale,DEV_MIGRATION_Q_00057,2025-01-01,,270,DEV_MIGRATION_A_00029,DEV_MIGRATION_A_00021,,,"1,234.50",Fixed Term,Fictional quota activity.
DEV_MIGRATION_QT_00171,Lease In,DEV_MIGRATION_Q_00057,2025-01-01,,271,DEV_MIGRATION_A_00029,DEV_MIGRATION_A_00022,,,"1,234.50",Fixed Term,Fictional quota activity.
DEV_MIGRATION_QT_00172,Purchase,DEV_MIGRATION_Q_00058,2025-01-01,,272,DEV_MIGRATION_A_00029,DEV_MIGRATION_A_00023,,,"1,234.50",Fixed Term,Fictional quota activity.
DEV_MIGRATION_QT_00173,Sale,DEV_MIGRATION_Q_00058,2025-01-01,,273,DEV_MIGRATION_A_00029,DEV_MIGRATION_A_00024,,,"1,234.50",Fixed Term,Fictional quota activity.
DEV_MIGRATION_QT_00174,Lease In,DEV_MIGRATION_Q_00058,2025-01-01,,274,DEV_MIGRATION_A_00029,DEV_MIGRATION_A_00025,,,"1,234.50",Fixed Term,Fictional quota activity.
DEV_MIGRATION_QT_00175,Purchase,DEV_MIGRATION_Q_00059,2025-01-01,,275,DEV_MIGRATION_A_00030,DEV_MIGRATION_A_00026,,,"1,234.50",Fixed Term,Fictional quota activity.
DEV_MIGRATION_QT_00176,Sale,DEV_MIGRATION_Q_00059,2025-01-01,,276,DEV_MIGRATION_A_00030,DEV_MIGRATION_A_00027,,,"1,234.50",Fixed Term,Fictional quota activity.
DEV_MIGRATION_QT_00177,Lease In,DEV_MIGRATION_Q_00059,2025-01-01,,277,DEV_MIGRATION_A_00030,DEV_MIGRATION_A_00028,,,"1,234.50",Fixed Term,Fictional quota activity.
DEV_MIGRATION_QT_00178,Purchase,DEV_MIGRATION_Q_00060,2025-01-01,,278,DEV_MIGRATION_A_00030,DEV_MIGRATION_A_00029,,,"1,234.50",Fixed Term,Fictional quota activity.
DEV_MIGRATION_QT_00179,Sale,DEV_MIGRATION_Q_00060,2025-01-01,,279,DEV_MIGRATION_A_00030,DEV_MIGRATION_A_00030,,,"1,234.50",Fixed Term,Fictional quota activity.
DEV_MIGRATION_QT_00180,Lease In,DEV_MIGRATION_Q_00060,2025-01-01,,280,DEV_MIGRATION_A_00030,DEV_MIGRATION_A_00031,,,"1,234.50",Fixed Term,Fictional quota activity.
DEV_MIGRATION_QT_00181,Purchase,DEV_MIGRATION_Q_00061,2025-01-01,,281,DEV_MIGRATION_A_00031,DEV_MIGRATION_A_00032,,,"1,234.50",Fixed Term,Fictional quota activity.
DEV_MIGRATION_QT_00182,Sale,DEV_MIGRATION_Q_00061,2025-01-01,,282,DEV_MIGRATION_A_00031,DEV_MIGRATION_A_00033,,,"1,234.50",Fixed Term,Fictional quota activity.
DEV_MIGRATION_QT_00183,Lease In,DEV_MIGRATION_Q_00061,2025-01-01,,283,DEV_MIGRATION_A_00031,DEV_MIGRATION_A_00034,,,"1,234.50",Fixed Term,Fictional quota activity.
DEV_MIGRATION_QT_00184,Purchase,DEV_MIGRATION_Q_00062,2025-01-01,,284,DEV_MIGRATION_A_00031,DEV_MIGRATION_A_00035,,,"1,234.50",Fixed Term,Fictional quota activity.
DEV_MIGRATION_QT_00185,Sale,DEV_MIGRATION_Q_00062,2025-01-01,,285,DEV_MIGRATION_A_00031,DEV_MIGRATION_A_00036,,,"1,234.50",Fixed Term,Fictional quota activity.
DEV_MIGRATION_QT_00186,Lease In,DEV_MIGRATION_Q_00062,2025-01-01,,286,DEV_MIGRATION_A_00031,DEV_MIGRATION_A_00037,,,"1,234.50",Fixed Term,Fictional quota activity.
DEV_MIGRATION_QT_00187,Purchase,DEV_MIGRATION_Q_00063,2025-01-01,,287,DEV_MIGRATION_A_00032,DEV_MIGRATION_A_00038,,,"1,234.50",Fixed Term,Fictional quota activity.
DEV_MIGRATION_QT_00188,Sale,DEV_MIGRATION_Q_00063,2025-01-01,,288,DEV_MIGRATION_A_00032,DEV_MIGRATION_A_00039,,,"1,234.50",Fixed Term,Fictional quota activity.
DEV_MIGRATION_QT_00189,Lease In,DEV_MIGRATION_Q_00063,2025-01-01,,289,DEV_MIGRATION_A_00032,DEV_MIGRATION_A_00040,,,"1,234.50",Fixed Term,Fictional quota activity.
DEV_MIGRATION_QT_00190,Purchase,DEV_MIGRATION_Q_00064,2025-01-01,,290,DEV_MIGRATION_A_00032,DEV_MIGRATION_A_00041,,,"1,234.50",Fixed Term,Fictional quota activity.
DEV_MIGRATION_QT_00191,Sale,DEV_MIGRATION_Q_00064,2025-01-01,,291,DEV_MIGRATION_A_00032,DEV_MIGRATION_A_00042,,,"1,234.50",Fixed Term,Fictional quota activity.
DEV_MIGRATION_QT_00192,Lease In,DEV_MIGRATION_Q_00064,2025-01-01,,292,DEV_MIGRATION_A_00032,DEV_MIGRATION_A_00043,,,"1,234.50",Fixed Term,Fictional quota activity.
DEV_MIGRATION_QT_00193,Purchase,DEV_MIGRATION_Q_00065,2025-01-01,,293,DEV_MIGRATION_A_00033,DEV_MIGRATION_A_00044,,,"1,234.50",Fixed Term,Fictional quota activity.
DEV_MIGRATION_QT_00194,Sale,DEV_MIGRATION_Q_00065,2025-01-01,,294,DEV_MIGRATION_A_00033,DEV_MIGRATION_A_00045,,,"1,234.50",Fixed Term,Fictional quota activity.
DEV_MIGRATION_QT_00195,Lease In,DEV_MIGRATION_Q_00065,2025-01-01,,295,DEV_MIGRATION_A_00033,DEV_MIGRATION_A_00046,,,"1,234.50",Fixed Term,Fictional quota activity.
DEV_MIGRATION_QT_00196,Purchase,DEV_MIGRATION_Q_00066,2025-01-01,,296,DEV_MIGRATION_A_00033,DEV_MIGRATION_A_00047,,,"1,234.50",Fixed Term,Fictional quota activity.
DEV_MIGRATION_QT_00197,Sale,DEV_MIGRATION_Q_00066,2025-01-01,,297,DEV_MIGRATION_A_00033,DEV_MIGRATION_A_00048,,,"1,234.50",Fixed Term,Fictional quota activity.
DEV_MIGRATION_QT_00198,Lease In,DEV_MIGRATION_Q_00066,2025-01-01,,298,DEV_MIGRATION_A_00033,DEV_MIGRATION_A_00049,,,"1,234.50",Fixed Term,Fictional quota activity.
DEV_MIGRATION_QT_00199,Purchase,DEV_MIGRATION_Q_00067,2025-01-01,,299,DEV_MIGRATION_A_00034,DEV_MIGRATION_A_00050,,,"1,234.50",Fixed Term,Fictional quota activity.
DEV_MIGRATION_QT_00200,Sale,DEV_MIGRATION_Q_00067,2025-01-01,,300,DEV_MIGRATION_A_00034,DEV_MIGRATION_A_00001,,,"1,234.50",Fixed Term,Fictional quota activity.
DEV_MIGRATION_QT_00201,Lease In,DEV_MIGRATION_Q_00067,2025-01-01,,301,DEV_MIGRATION_A_00034,DEV_MIGRATION_A_00002,,,"1,234.50",Fixed Term,Fictional quota activity.
DEV_MIGRATION_QT_00202,Purchase,DEV_MIGRATION_Q_00068,2025-01-01,,302,DEV_MIGRATION_A_00034,DEV_MIGRATION_A_00003,,,"1,234.50",Fixed Term,Fictional quota activity.
DEV_MIGRATION_QT_00203,Sale,DEV_MIGRATION_Q_00068,2025-01-01,,303,DEV_MIGRATION_A_00034,DEV_MIGRATION_A_00004,,,"1,234.50",Fixed Term,Fictional quota activity.
DEV_MIGRATION_QT_00204,Lease In,DEV_MIGRATION_Q_00068,2025-01-01,,304,DEV_MIGRATION_A_00034,DEV_MIGRATION_A_00005,,,"1,234.50",Fixed Term,Fictional quota activity.
DEV_MIGRATION_QT_00205,Purchase,DEV_MIGRATION_Q_00069,2025-01-01,,305,DEV_MIGRATION_A_00035,DEV_MIGRATION_A_00006,,,"1,234.50",Fixed Term,Fictional quota activity.
DEV_MIGRATION_QT_00206,Sale,DEV_MIGRATION_Q_00069,2025-01-01,,306,DEV_MIGRATION_A_00035,DEV_MIGRATION_A_00007,,,"1,234.50",Fixed Term,Fictional quota activity.
DEV_MIGRATION_QT_00207,Lease In,DEV_MIGRATION_Q_00069,2025-01-01,,307,DEV_MIGRATION_A_00035,DEV_MIGRATION_A_00008,,,"1,234.50",Fixed Term,Fictional quota activity.
DEV_MIGRATION_QT_00208,Purchase,DEV_MIGRATION_Q_00070,2025-01-01,,308,DEV_MIGRATION_A_00035,DEV_MIGRATION_A_00009,,,"1,234.50",Fixed Term,Fictional quota activity.
DEV_MIGRATION_QT_00209,Sale,DEV_MIGRATION_Q_00070,2025-01-01,,309,DEV_MIGRATION_A_00035,DEV_MIGRATION_A_00010,,,"1,234.50",Fixed Term,Fictional quota activity.
DEV_MIGRATION_QT_00210,Lease In,DEV_MIGRATION_Q_00070,2025-01-01,,310,DEV_MIGRATION_A_00035,DEV_MIGRATION_A_00011,,,"1,234.50",Fixed Term,Fictional quota activity.
DEV_MIGRATION_QT_00211,Purchase,DEV_MIGRATION_Q_00071,2025-01-01,,311,DEV_MIGRATION_A_00036,DEV_MIGRATION_A_00012,,,"1,234.50",Fixed Term,Fictional quota activity.
DEV_MIGRATION_QT_00212,Sale,DEV_MIGRATION_Q_00071,2025-01-01,,312,DEV_MIGRATION_A_00036,DEV_MIGRATION_A_00013,,,"1,234.50",Fixed Term,Fictional quota activity.
DEV_MIGRATION_QT_00213,Lease In,DEV_MIGRATION_Q_00071,2025-01-01,,313,DEV_MIGRATION_A_00036,DEV_MIGRATION_A_00014,,,"1,234.50",Fixed Term,Fictional quota activity.
DEV_MIGRATION_QT_00214,Purchase,DEV_MIGRATION_Q_00072,2025-01-01,,314,DEV_MIGRATION_A_00036,DEV_MIGRATION_A_00015,,,"1,234.50",Fixed Term,Fictional quota activity.
DEV_MIGRATION_QT_00215,Sale,DEV_MIGRATION_Q_00072,2025-01-01,,315,DEV_MIGRATION_A_00036,DEV_MIGRATION_A_00016,,,"1,234.50",Fixed Term,Fictional quota activity.
DEV_MIGRATION_QT_00216,Lease In,DEV_MIGRATION_Q_00072,2025-01-01,,316,DEV_MIGRATION_A_00036,DEV_MIGRATION_A_00017,,,"1,234.50",Fixed Term,Fictional quota activity.
DEV_MIGRATION_QT_00217,Purchase,DEV_MIGRATION_Q_00073,2025-01-01,,317,DEV_MIGRATION_A_00037,DEV_MIGRATION_A_00018,,,"1,234.50",Fixed Term,Fictional quota activity.
DEV_MIGRATION_QT_00218,Sale,DEV_MIGRATION_Q_00073,2025-01-01,,318,DEV_MIGRATION_A_00037,DEV_MIGRATION_A_00019,,,"1,234.50",Fixed Term,Fictional quota activity.
DEV_MIGRATION_QT_00219,Lease In,DEV_MIGRATION_Q_00073,2025-01-01,,319,DEV_MIGRATION_A_00037,DEV_MIGRATION_A_00020,,,"1,234.50",Fixed Term,Fictional quota activity.
DEV_MIGRATION_QT_00220,Purchase,DEV_MIGRATION_Q_00074,2025-01-01,,320,DEV_MIGRATION_A_00037,DEV_MIGRATION_A_00021,,,"1,234.50",Fixed Term,Fictional quota activity.
DEV_MIGRATION_QT_00221,Sale,DEV_MIGRATION_Q_00074,2025-01-01,,321,DEV_MIGRATION_A_00037,DEV_MIGRATION_A_00022,,,"1,234.50",Fixed Term,Fictional quota activity.
DEV_MIGRATION_QT_00222,Lease In,DEV_MIGRATION_Q_00074,2025-01-01,,322,DEV_MIGRATION_A_00037,DEV_MIGRATION_A_00023,,,"1,234.50",Fixed Term,Fictional quota activity.
DEV_MIGRATION_QT_00223,Purchase,DEV_MIGRATION_Q_00075,2025-01-01,,323,DEV_MIGRATION_A_00038,DEV_MIGRATION_A_00024,,,"1,234.50",Fixed Term,Fictional quota activity.
DEV_MIGRATION_QT_00224,Sale,DEV_MIGRATION_Q_00075,2025-01-01,,324,DEV_MIGRATION_A_00038,DEV_MIGRATION_A_00025,,,"1,234.50",Fixed Term,Fictional quota activity.
DEV_MIGRATION_QT_00225,Lease In,DEV_MIGRATION_Q_00075,2025-01-01,,325,DEV_MIGRATION_A_00038,DEV_MIGRATION_A_00026,,,"1,234.50",Fixed Term,Fictional quota activity.
DEV_MIGRATION_QT_00226,Purchase,DEV_MIGRATION_Q_00076,2025-01-01,,326,DEV_MIGRATION_A_00038,DEV_MIGRATION_A_00027,,,"1,234.50",Fixed Term,Fictional quota activity.
DEV_MIGRATION_QT_00227,Sale,DEV_MIGRATION_Q_00076,2025-01-01,,327,DEV_MIGRATION_A_00038,DEV_MIGRATION_A_00028,,,"1,234.50",Fixed Term,Fictional quota activity.
DEV_MIGRATION_QT_00228,Lease In,DEV_MIGRATION_Q_00076,2025-01-01,,328,DEV_MIGRATION_A_00038,DEV_MIGRATION_A_00029,,,"1,234.50",Fixed Term,Fictional quota activity.
DEV_MIGRATION_QT_00229,Purchase,DEV_MIGRATION_Q_00077,2025-01-01,,329,DEV_MIGRATION_A_00039,DEV_MIGRATION_A_00030,,,"1,234.50",Fixed Term,Fictional quota activity.
DEV_MIGRATION_QT_00230,Sale,DEV_MIGRATION_Q_00077,2025-01-01,,330,DEV_MIGRATION_A_00039,DEV_MIGRATION_A_00031,,,"1,234.50",Fixed Term,Fictional quota activity.
DEV_MIGRATION_QT_00231,Lease In,DEV_MIGRATION_Q_00077,2025-01-01,,331,DEV_MIGRATION_A_00039,DEV_MIGRATION_A_00032,,,"1,234.50",Fixed Term,Fictional quota activity.
DEV_MIGRATION_QT_00232,Purchase,DEV_MIGRATION_Q_00078,2025-01-01,,332,DEV_MIGRATION_A_00039,DEV_MIGRATION_A_00033,,,"1,234.50",Fixed Term,Fictional quota activity.
DEV_MIGRATION_QT_00233,Sale,DEV_MIGRATION_Q_00078,2025-01-01,,333,DEV_MIGRATION_A_00039,DEV_MIGRATION_A_00034,,,"1,234.50",Fixed Term,Fictional quota activity.
DEV_MIGRATION_QT_00234,Lease In,DEV_MIGRATION_Q_00078,2025-01-01,,334,DEV_MIGRATION_A_00039,DEV_MIGRATION_A_00035,,,"1,234.50",Fixed Term,Fictional quota activity.
DEV_MIGRATION_QT_00235,Purchase,DEV_MIGRATION_Q_00079,2025-01-01,,335,DEV_MIGRATION_A_00040,DEV_MIGRATION_A_00036,,,"1,234.50",Fixed Term,Fictional quota activity.
DEV_MIGRATION_QT_00236,Sale,DEV_MIGRATION_Q_00079,2025-01-01,,336,DEV_MIGRATION_A_00040,DEV_MIGRATION_A_00037,,,"1,234.50",Fixed Term,Fictional quota activity.
DEV_MIGRATION_QT_00237,Lease In,DEV_MIGRATION_Q_00079,2025-01-01,,337,DEV_MIGRATION_A_00040,DEV_MIGRATION_A_00038,,,"1,234.50",Fixed Term,Fictional quota activity.
DEV_MIGRATION_QT_00238,Purchase,DEV_MIGRATION_Q_00080,2025-01-01,,338,DEV_MIGRATION_A_00040,DEV_MIGRATION_A_00039,,,"1,234.50",Fixed Term,Fictional quota activity.
DEV_MIGRATION_QT_00239,Sale,DEV_MIGRATION_Q_00080,2025-01-01,,339,DEV_MIGRATION_A_00040,DEV_MIGRATION_A_00040,,,"1,234.50",Fixed Term,Fictional quota activity.
DEV_MIGRATION_QT_00240,Lease In,DEV_MIGRATION_Q_00080,2025-01-01,,340,DEV_MIGRATION_A_00040,DEV_MIGRATION_A_00041,,,"1,234.50",Fixed Term,Fictional quota activity.
DEV_MIGRATION_QT_00241,Purchase,DEV_MIGRATION_Q_00081,2025-01-01,,341,DEV_MIGRATION_A_00041,DEV_MIGRATION_A_00042,,,"1,234.50",Fixed Term,Fictional quota activity.
DEV_MIGRATION_QT_00242,Sale,DEV_MIGRATION_Q_00081,2025-01-01,,342,DEV_MIGRATION_A_00041,DEV_MIGRATION_A_00043,,,"1,234.50",Fixed Term,Fictional quota activity.
DEV_MIGRATION_QT_00243,Lease In,DEV_MIGRATION_Q_00081,2025-01-01,,343,DEV_MIGRATION_A_00041,DEV_MIGRATION_A_00044,,,"1,234.50",Fixed Term,Fictional quota activity.
DEV_MIGRATION_QT_00244,Purchase,DEV_MIGRATION_Q_00082,2025-01-01,,344,DEV_MIGRATION_A_00041,DEV_MIGRATION_A_00045,,,"1,234.50",Fixed Term,Fictional quota activity.
DEV_MIGRATION_QT_00245,Sale,DEV_MIGRATION_Q_00082,2025-01-01,,345,DEV_MIGRATION_A_00041,DEV_MIGRATION_A_00046,,,"1,234.50",Fixed Term,Fictional quota activity.
DEV_MIGRATION_QT_00246,Lease In,DEV_MIGRATION_Q_00082,2025-01-01,,346,DEV_MIGRATION_A_00041,DEV_MIGRATION_A_00047,,,"1,234.50",Fixed Term,Fictional quota activity.
DEV_MIGRATION_QT_00247,Purchase,DEV_MIGRATION_Q_00083,2025-01-01,,347,DEV_MIGRATION_A_00042,DEV_MIGRATION_A_00048,,,"1,234.50",Fixed Term,Fictional quota activity.
DEV_MIGRATION_QT_00248,Sale,DEV_MIGRATION_Q_00083,2025-01-01,,348,DEV_MIGRATION_A_00042,DEV_MIGRATION_A_00049,,,"1,234.50",Fixed Term,Fictional quota activity.
DEV_MIGRATION_QT_00249,Lease In,DEV_MIGRATION_Q_00083,2025-01-01,,349,DEV_MIGRATION_A_00042,DEV_MIGRATION_A_00050,,,"1,234.50",Fixed Term,Fictional quota activity.
DEV_MIGRATION_QT_00250,Purchase,DEV_MIGRATION_Q_00084,2025-01-01,,350,DEV_MIGRATION_A_00042,DEV_MIGRATION_A_00001,,,"1,234.50",Fixed Term,Fictional quota activity.
DEV_MIGRATION_QT_00251,Sale,DEV_MIGRATION_Q_00084,2025-01-01,,351,DEV_MIGRATION_A_00042,DEV_MIGRATION_A_00002,,,"1,234.50",Fixed Term,Fictional quota activity.
DEV_MIGRATION_QT_00252,Lease In,DEV_MIGRATION_Q_00084,2025-01-01,,352,DEV_MIGRATION_A_00042,DEV_MIGRATION_A_00003,,,"1,234.50",Fixed Term,Fictional quota activity.
DEV_MIGRATION_QT_00253,Purchase,DEV_MIGRATION_Q_00085,2025-01-01,,353,DEV_MIGRATION_A_00043,DEV_MIGRATION_A_00004,,,"1,234.50",Fixed Term,Fictional quota activity.
DEV_MIGRATION_QT_00254,Sale,DEV_MIGRATION_Q_00085,2025-01-01,,354,DEV_MIGRATION_A_00043,DEV_MIGRATION_A_00005,,,"1,234.50",Fixed Term,Fictional quota activity.
DEV_MIGRATION_QT_00255,Lease In,DEV_MIGRATION_Q_00085,2025-01-01,,355,DEV_MIGRATION_A_00043,DEV_MIGRATION_A_00006,,,"1,234.50",Fixed Term,Fictional quota activity.
DEV_MIGRATION_QT_00256,Purchase,DEV_MIGRATION_Q_00086,2025-01-01,,356,DEV_MIGRATION_A_00043,DEV_MIGRATION_A_00007,,,"1,234.50",Fixed Term,Fictional quota activity.
DEV_MIGRATION_QT_00257,Sale,DEV_MIGRATION_Q_00086,2025-01-01,,357,DEV_MIGRATION_A_00043,DEV_MIGRATION_A_00008,,,"1,234.50",Fixed Term,Fictional quota activity.
DEV_MIGRATION_QT_00258,Lease In,DEV_MIGRATION_Q_00086,2025-01-01,,358,DEV_MIGRATION_A_00043,DEV_MIGRATION_A_00009,,,"1,234.50",Fixed Term,Fictional quota activity.
DEV_MIGRATION_QT_00259,Purchase,DEV_MIGRATION_Q_00087,2025-01-01,,359,DEV_MIGRATION_A_00044,DEV_MIGRATION_A_00010,,,"1,234.50",Fixed Term,Fictional quota activity.
DEV_MIGRATION_QT_00260,Sale,DEV_MIGRATION_Q_00087,2025-01-01,,360,DEV_MIGRATION_A_00044,DEV_MIGRATION_A_00011,,,"1,234.50",Fixed Term,Fictional quota activity.
DEV_MIGRATION_QT_00261,Lease In,DEV_MIGRATION_Q_00087,2025-01-01,,361,DEV_MIGRATION_A_00044,DEV_MIGRATION_A_00012,,,"1,234.50",Fixed Term,Fictional quota activity.
DEV_MIGRATION_QT_00262,Purchase,DEV_MIGRATION_Q_00088,2025-01-01,,362,DEV_MIGRATION_A_00044,DEV_MIGRATION_A_00013,,,"1,234.50",Fixed Term,Fictional quota activity.
DEV_MIGRATION_QT_00263,Sale,DEV_MIGRATION_Q_00088,2025-01-01,,363,DEV_MIGRATION_A_00044,DEV_MIGRATION_A_00014,,,"1,234.50",Fixed Term,Fictional quota activity.
DEV_MIGRATION_QT_00264,Lease In,DEV_MIGRATION_Q_00088,2025-01-01,,364,DEV_MIGRATION_A_00044,DEV_MIGRATION_A_00015,,,"1,234.50",Fixed Term,Fictional quota activity.
DEV_MIGRATION_QT_00265,Purchase,DEV_MIGRATION_Q_00089,2025-01-01,,365,DEV_MIGRATION_A_00045,DEV_MIGRATION_A_00016,,,"1,234.50",Fixed Term,Fictional quota activity.
DEV_MIGRATION_QT_00266,Sale,DEV_MIGRATION_Q_00089,2025-01-01,,366,DEV_MIGRATION_A_00045,DEV_MIGRATION_A_00017,,,"1,234.50",Fixed Term,Fictional quota activity.
DEV_MIGRATION_QT_00267,Lease In,DEV_MIGRATION_Q_00089,2025-01-01,,367,DEV_MIGRATION_A_00045,DEV_MIGRATION_A_00018,,,"1,234.50",Fixed Term,Fictional quota activity.
DEV_MIGRATION_QT_00268,Purchase,DEV_MIGRATION_Q_00090,2025-01-01,,368,DEV_MIGRATION_A_00045,DEV_MIGRATION_A_00019,,,"1,234.50",Fixed Term,Fictional quota activity.
DEV_MIGRATION_QT_00269,Sale,DEV_MIGRATION_Q_00090,2025-01-01,,369,DEV_MIGRATION_A_00045,DEV_MIGRATION_A_00020,,,"1,234.50",Fixed Term,Fictional quota activity.
DEV_MIGRATION_QT_00270,Lease In,DEV_MIGRATION_Q_00090,2025-01-01,,370,DEV_MIGRATION_A_00045,DEV_MIGRATION_A_00021,,,"1,234.50",Fixed Term,Fictional quota activity.
DEV_MIGRATION_QT_00271,Purchase,DEV_MIGRATION_Q_00091,2025-01-01,,371,DEV_MIGRATION_A_00046,DEV_MIGRATION_A_00022,,,"1,234.50",Fixed Term,Fictional quota activity.
DEV_MIGRATION_QT_00272,Sale,DEV_MIGRATION_Q_00091,2025-01-01,,372,DEV_MIGRATION_A_00046,DEV_MIGRATION_A_00023,,,"1,234.50",Fixed Term,Fictional quota activity.
DEV_MIGRATION_QT_00273,Lease In,DEV_MIGRATION_Q_00091,2025-01-01,,373,DEV_MIGRATION_A_00046,DEV_MIGRATION_A_00024,,,"1,234.50",Fixed Term,Fictional quota activity.
DEV_MIGRATION_QT_00274,Purchase,DEV_MIGRATION_Q_00092,2025-01-01,,374,DEV_MIGRATION_A_00046,DEV_MIGRATION_A_00025,,,"1,234.50",Fixed Term,Fictional quota activity.
DEV_MIGRATION_QT_00275,Sale,DEV_MIGRATION_Q_00092,2025-01-01,,375,DEV_MIGRATION_A_00046,DEV_MIGRATION_A_00026,,,"1,234.50",Fixed Term,Fictional quota activity.
DEV_MIGRATION_QT_00276,Lease In,DEV_MIGRATION_Q_00092,2025-01-01,,376,DEV_MIGRATION_A_00046,DEV_MIGRATION_A_00027,,,"1,234.50",Fixed Term,Fictional quota activity.
DEV_MIGRATION_QT_00277,Purchase,DEV_MIGRATION_Q_00093,2025-01-01,,377,DEV_MIGRATION_A_00047,DEV_MIGRATION_A_00028,,,"1,234.50",Fixed Term,Fictional quota activity.
DEV_MIGRATION_QT_00278,Sale,DEV_MIGRATION_Q_00093,2025-01-01,,378,DEV_MIGRATION_A_00047,DEV_MIGRATION_A_00029,,,"1,234.50",Fixed Term,Fictional quota activity.
DEV_MIGRATION_QT_00279,Lease In,DEV_MIGRATION_Q_00093,2025-01-01,,379,DEV_MIGRATION_A_00047,DEV_MIGRATION_A_00030,,,"1,234.50",Fixed Term,Fictional quota activity.
DEV_MIGRATION_QT_00280,Purchase,DEV_MIGRATION_Q_00094,2025-01-01,,380,DEV_MIGRATION_A_00047,DEV_MIGRATION_A_00031,,,"1,234.50",Fixed Term,Fictional quota activity.
DEV_MIGRATION_QT_00281,Sale,DEV_MIGRATION_Q_00094,2025-01-01,,381,DEV_MIGRATION_A_00047,DEV_MIGRATION_A_00032,,,"1,234.50",Fixed Term,Fictional quota activity.
DEV_MIGRATION_QT_00282,Lease In,DEV_MIGRATION_Q_00094,2025-01-01,,382,DEV_MIGRATION_A_00047,DEV_MIGRATION_A_00033,,,"1,234.50",Fixed Term,Fictional quota activity.
DEV_MIGRATION_QT_00283,Purchase,DEV_MIGRATION_Q_00095,2025-01-01,,383,DEV_MIGRATION_A_00048,DEV_MIGRATION_A_00034,,,"1,234.50",Fixed Term,Fictional quota activity.
DEV_MIGRATION_QT_00284,Sale,DEV_MIGRATION_Q_00095,2025-01-01,,384,DEV_MIGRATION_A_00048,DEV_MIGRATION_A_00035,,,"1,234.50",Fixed Term,Fictional quota activity.
DEV_MIGRATION_QT_00285,Lease In,DEV_MIGRATION_Q_00095,2025-01-01,,385,DEV_MIGRATION_A_00048,DEV_MIGRATION_A_00036,,,"1,234.50",Fixed Term,Fictional quota activity.
DEV_MIGRATION_QT_00286,Purchase,DEV_MIGRATION_Q_00096,2025-01-01,,386,DEV_MIGRATION_A_00048,DEV_MIGRATION_A_00037,,,"1,234.50",Fixed Term,Fictional quota activity.
DEV_MIGRATION_QT_00287,Sale,DEV_MIGRATION_Q_00096,2025-01-01,,387,DEV_MIGRATION_A_00048,DEV_MIGRATION_A_00038,,,"1,234.50",Fixed Term,Fictional quota activity.
DEV_MIGRATION_QT_00288,Lease In,DEV_MIGRATION_Q_00096,2025-01-01,,388,DEV_MIGRATION_A_00048,DEV_MIGRATION_A_00039,,,"1,234.50",Fixed Term,Fictional quota activity.
DEV_MIGRATION_QT_00289,Purchase,DEV_MIGRATION_Q_00097,2025-01-01,,389,DEV_MIGRATION_A_00049,DEV_MIGRATION_A_00040,,,"1,234.50",Fixed Term,Fictional quota activity.
DEV_MIGRATION_QT_00290,Sale,DEV_MIGRATION_Q_00097,2025-01-01,,390,DEV_MIGRATION_A_00049,DEV_MIGRATION_A_00041,,,"1,234.50",Fixed Term,Fictional quota activity.
DEV_MIGRATION_QT_00291,Lease In,DEV_MIGRATION_Q_00097,2025-01-01,,391,DEV_MIGRATION_A_00049,DEV_MIGRATION_A_00042,,,"1,234.50",Fixed Term,Fictional quota activity.
DEV_MIGRATION_QT_00292,Purchase,DEV_MIGRATION_Q_00098,2025-01-01,,392,DEV_MIGRATION_A_00049,DEV_MIGRATION_A_00043,,,"1,234.50",Fixed Term,Fictional quota activity.
DEV_MIGRATION_QT_00293,Sale,DEV_MIGRATION_Q_00098,2025-01-01,,393,DEV_MIGRATION_A_00049,DEV_MIGRATION_A_00044,,,"1,234.50",Fixed Term,Fictional quota activity.
DEV_MIGRATION_QT_00294,Lease In,DEV_MIGRATION_Q_00098,2025-01-01,,394,DEV_MIGRATION_A_00049,DEV_MIGRATION_A_00045,,,"1,234.50",Fixed Term,Fictional quota activity.
DEV_MIGRATION_QT_00295,Purchase,DEV_MIGRATION_Q_00099,2025-01-01,,395,DEV_MIGRATION_A_00050,DEV_MIGRATION_A_00046,,,"1,234.50",Fixed Term,Fictional quota activity.
DEV_MIGRATION_QT_00296,Sale,DEV_MIGRATION_Q_00099,2025-01-01,,396,DEV_MIGRATION_A_00050,DEV_MIGRATION_A_00047,,,"1,234.50",Fixed Term,Fictional quota activity.
DEV_MIGRATION_QT_00297,Lease In,DEV_MIGRATION_Q_00099,2025-01-01,,397,DEV_MIGRATION_A_00050,DEV_MIGRATION_A_00048,,,"1,234.50",Fixed Term,Fictional quota activity.
DEV_MIGRATION_QT_00298,Purchase,DEV_MIGRATION_Q_00100,2025-01-01,,398,DEV_MIGRATION_A_00050,DEV_MIGRATION_A_00049,,,"1,234.50",Fixed Term,Fictional quota activity.
DEV_MIGRATION_QT_00299,Sale,DEV_MIGRATION_Q_00100,2025-01-01,,399,DEV_MIGRATION_A_00050,DEV_MIGRATION_A_00050,,,"1,234.50",Fixed Term,Fictional quota activity.
DEV_MIGRATION_QT_00300,Lease In,DEV_MIGRATION_Q_00100,2025-01-01,,400,DEV_MIGRATION_A_00050,DEV_MIGRATION_A_00001,,,"1,234.50",Fixed Term,Fictional quota activity.
