FLOCK_ID,ACCOUNT_ID,FACILITY_ID,FLOCK_NUMBER,LICENCE_NUMBER,BIRD_COUNT,PLACEMENT_DATE,HATCH_DATE,EGG_COLOUR,EST_PROD_COMPLETION,EST_DISPOSAL,ACTUAL_DISPOSAL,DISPOSAL_METHOD,STATUS,CREATED_AT,UPDATED_AT
12d465da-5bb8-8633-537c-9792ab8755c5,0822e8f3-6c03-1199-972a-846916419f82,994b7a56-7404-3590-18a6-1865cafedacf,F-0001,LIC-95181,9788,2025-02-07,2025-02-03,Mostly White,2026-06-19,2026-07-08,,,Active,2026-09-10 10:37:54.225098,2026-09-10 10:37:54.225098
4a2a3e41-f835-9314-d263-3d6da014c5d4,0822e8f3-6c03-1199-972a-846916419f82,994b7a56-7404-3590-18a6-1865cafedacf,F-0002,LIC-95181,6295,2026-05-06,2026-04-19,Mostly White,2027-11-07,2027-11-19,,,Active,2026-09-10 10:37:54.225098,2026-09-10 10:37:54.225098
0c98ae86-c6cc-ac69-3f7a-9c53bf4302b2,6142ea7d-17be-3111-1a2a-73ed562b0f79,64d8f363-6f1f-16f1-f362-b708c15c71bf,F-0003,LIC-59615,10179,2025-04-18,2025-04-11,Mostly Brown,2026-06-25,2026-07-17,,,Active,2026-09-10 10:37:54.225098,2026-09-10 10:37:54.225098
feb9a31c-af0a-96c8-bc93-5110cb477e85,19db3ad0-ddd1-dfb2-3b98-2ef8daf61a26,d5a25c02-832e-a288-291e-1aa618829eed,F-0004,LIC-99593,14769,2024-09-01,2024-08-11,White,2026-01-08,2026-01-16,2026-01-13,Cull,Depopulated,2026-09-10 10:37:54.225098,2026-09-10 10:37:54.225098
5c66c458-1c8c-857b-678f-5a8532f4bdb0,d261a7ab-3aa2-e4f9-0e51-f30dc6a7ee39,10439bde-607e-2b46-2e8d-0bb3933d9d81,F-0005,LIC-37869,23786,2026-08-16,2026-07-28,White,2028-02-09,2028-03-06,,,Planned,2026-09-10 10:37:54.225098,2026-09-10 10:37:54.225098
a5336e83-ebc9-d083-4b2f-d3fba64108e7,5cabcc97-663f-1c97-9562-69f0e5d7b875,6f1a311e-b715-e9a1-5c8f-fa6ef489e08b,F-0006,LIC-99192,18196,2024-08-10,2024-08-08,Mostly White,2025-09-26,2025-09-28,,,Planned,2026-09-10 10:37:54.225098,2026-09-10 10:37:54.225098
d4a7163b-faa2-ac82-d733-291edba947cb,5715bd6f-a416-1293-c4c2-e2e3444ea7c8,bc0e2336-2043-c517-1fd3-6c9bd3fdc924,F-0007,LIC-76542,21160,2025-11-10,2025-11-04,Mostly White,2027-05-24,2027-06-08,,,Active,2026-09-10 10:37:54.225098,2026-09-10 10:37:54.225098
4cc4e40a-7dbb-32c5-48bd-4f5f10befe33,52fbe43b-9954-6eb4-0025-7ad1eb2263dd,62b65955-f342-2348-db72-357d570afd2a,F-0008,LIC-21226,14810,2025-03-25,2025-03-05,Mostly Brown,2026-09-15,2026-09-24,2026-10-15,Compost,Depopulated,2026-09-10 10:37:54.225098,2026-09-10 10:37:54.225098
158fea2b-7187-4113-e976-6981585f0b27,52fbe43b-9954-6eb4-0025-7ad1eb2263dd,62b65955-f342-2348-db72-357d570afd2a,F-0009,LIC-21226,8315,2025-09-29,2025-09-20,Brown,2026-12-06,2026-12-14,,,Active,2026-09-10 10:37:54.225098,2026-09-10 10:37:54.225098
811f16c8-12b0-ca82-7cdb-6b4f8f5fda65,847fd9b4-e64d-1bcb-7027-53a15f987c71,67495073-935c-8b9f-ef69-ad42af5f3eed,F-0010,LIC-87128,11966,2025-03-26,2025-03-14,Mostly Brown,2026-05-08,2026-05-30,,,Active,2026-09-10 10:37:54.225098,2026-09-10 10:37:54.225098
e97bc674-ea32-7188-1437-74cd0139e254,847fd9b4-e64d-1bcb-7027-53a15f987c71,67495073-935c-8b9f-ef69-ad42af5f3eed,F-0011,LIC-87128,8314,2025-05-14,2025-05-05,Mostly Brown,2026-08-16,2026-08-28,,,Planned,2026-09-10 10:37:54.225098,2026-09-10 10:37:54.225098
211d941d-9b98-fcfa-363d-1000b27bebf3,847fd9b4-e64d-1bcb-7027-53a15f987c71,67495073-935c-8b9f-ef69-ad42af5f3eed,F-0012,LIC-87128,18712,2024-11-19,2024-11-02,Brown,2026-02-18,2026-03-07,,,Active,2026-09-10 10:37:54.225098,2026-09-10 10:37:54.225098
4ee18854-e188-6671-a365-10bc0d1899ab,7900f7f9-9382-9b43-922f-e15ae1e3db63,0f898879-3990-af27-639f-6342fd55ce5f,F-0013,LIC-56438,16824,2026-04-14,2026-04-10,Brown,2027-10-02,2027-10-10,,,Planned,2026-09-10 10:37:54.225098,2026-09-10 10:37:54.225098
042cb50c-49e9-4266-d15e-f9e89f12c805,23e2fcb4-72d8-567d-894a-05e430b187ef,b30207e3-1bc0-4c84-0190-cbe83fcb670d,F-0014,LIC-16630,6181,2024-10-05,2024-09-15,Brown,2026-01-30,2026-02-02,,,Planned,2026-09-10 10:37:54.225098,2026-09-10 10:37:54.225098
d38713cf-60bb-269d-e333-d9dd45e58674,23e2fcb4-72d8-567d-894a-05e430b187ef,b30207e3-1bc0-4c84-0190-cbe83fcb670d,F-0015,LIC-16630,6466,2026-08-01,2026-07-26,Brown,2027-10-19,2027-11-06,,,Planned,2026-09-10 10:37:54.225098,2026-09-10 10:37:54.225098
7aecec81-2c07-4a42-f2a5-5c0ca8f399f8,23e2fcb4-72d8-567d-894a-05e430b187ef,b30207e3-1bc0-4c84-0190-cbe83fcb670d,F-0016,LIC-16630,12630,2026-03-22,2026-03-12,Mostly White,2027-08-07,2027-08-21,,,Active,2026-09-10 10:37:54.225098,2026-09-10 10:37:54.225098
7525df8d-7b02-5c66-60bf-7ed5fe8b105f,fc3d3348-008d-4127-6104-61e32a25a888,03c5d1dd-1b02-24af-6cd3-2f2c60719930,F-0017,LIC-30289,22930,2025-11-05,2025-10-26,Mostly White,2027-04-02,2027-04-20,2027-04-09,Sold Live,Depopulated,2026-09-10 10:37:54.225098,2026-09-10 10:37:54.225098
6dec7c86-6cb1-3e94-399b-8bf85d1956a7,fc3d3348-008d-4127-6104-61e32a25a888,12d48c0c-cb59-c491-a5c3-8d2ed65371ec,F-0018,LIC-30289,9706,2026-01-09,2025-12-24,White,2027-05-12,2027-05-20,,,Active,2026-09-10 10:37:54.225098,2026-09-10 10:37:54.225098
04fa314f-4d3d-65a0-8981-7872cd715c69,3c365296-dca0-2eec-acda-bacc1165e210,ab1fc650-91ca-33aa-493b-c738267bdc9c,F-0019,LIC-64948,7189,2024-09-06,2024-08-23,Brown,2025-10-12,2025-11-02,,,Active,2026-09-10 10:37:54.225098,2026-09-10 10:37:54.225098
97675669-92a4-f344-0165-f5ddf27efe1f,3c365296-dca0-2eec-acda-bacc1165e210,ab1fc650-91ca-33aa-493b-c738267bdc9c,F-0020,LIC-64948,15130,2025-10-04,2025-09-13,Mostly White,2027-03-01,2027-03-06,2027-04-06,Render,Depopulated,2026-09-10 10:37:54.225098,2026-09-10 10:37:54.225098
7a2d3dec-ab9a-6dca-cc2c-2cdd0f47529b,3c365296-dca0-2eec-acda-bacc1165e210,ab1fc650-91ca-33aa-493b-c738267bdc9c,F-0021,LIC-64948,4306,2025-01-21,2025-01-10,White,2026-05-25,2026-06-03,,,Active,2026-09-10 10:37:54.225098,2026-09-10 10:37:54.225098
