SIZE_BREAKDOWN_ID,PRODUCTION_ID,SIZE_BAND,QUANTITY
00290f12-1a3a-8bee-f515-f5fb060e9290,cd6a4292-f27b-aaf9-89bc-15a5956f5c71,Extra Large,24.71
8bf3baeb-b94e-ba88-7b47-0af1cad08bec,cd6a4292-f27b-aaf9-89bc-15a5956f5c71,Large,25.87
6d7db5ab-914c-2672-50c9-b05be613b789,cd6a4292-f27b-aaf9-89bc-15a5956f5c71,Medium,20.44
c30bc4be-9339-f45d-8ecb-5aa85787a913,cd6a4292-f27b-aaf9-89bc-15a5956f5c71,PeeWee,22.85
9acaae63-6aaa-3f2b-c5e8-39111c32822d,78815491-27f6-e649-5c41-c3db7a8efdeb,Jumbo,8.72
cf59aaeb-c5df-20d4-e10f-f4f8494c283b,78815491-27f6-e649-5c41-c3db7a8efdeb,Extra Large,25.65
7c43186c-613e-fb37-3503-9b58d7681ff5,78815491-27f6-e649-5c41-c3db7a8efdeb,Large,27.75
26321ed4-8edb-e8d4-ecfe-c3d1fc40f9cc,78815491-27f6-e649-5c41-c3db7a8efdeb,Medium,3.0
f3a743a5-cc68-eb2d-a369-3405b54baaab,55e8dc40-9bf0-5d61-11ac-0c76e06ced8c,Jumbo,32.95
58911eb4-361b-ffb0-3e36-878593b114f4,55e8dc40-9bf0-5d61-11ac-0c76e06ced8c,Extra Large,39.28
2f1bac51-b119-1146-dde7-9a18f5493428,55e8dc40-9bf0-5d61-11ac-0c76e06ced8c,Large,6.89
8703c2e9-5813-fd80-91d2-b2a4c8fc88c4,55e8dc40-9bf0-5d61-11ac-0c76e06ced8c,Medium,27.48
1131b1b5-6a00-7e9b-1f54-0558a71274da,55e8dc40-9bf0-5d61-11ac-0c76e06ced8c,PeeWee,25.84
913cff58-9048-73ec-741e-8ae1873d05d9,1da45e02-cfcd-7bd6-48af-eed2c197cae8,Jumbo,8.07
0fad1b39-b655-8dee-3c08-46569f3e8e4b,1da45e02-cfcd-7bd6-48af-eed2c197cae8,Extra Large,9.9
c32e75da-946b-0b0a-8cc8-192b26b55b62,1da45e02-cfcd-7bd6-48af-eed2c197cae8,PeeWee,74.81
23c03d18-9900-4bb5-7d3f-d31cc27d551a,4d040862-de03-3333-2f7c-a606e32c19e4,Jumbo,7.82
f760a712-c36f-1de4-85a9-fdc8905db44f,4d040862-de03-3333-2f7c-a606e32c19e4,Extra Large,12.01
f0900287-759f-d591-abc2-7d201922b491,4d040862-de03-3333-2f7c-a606e32c19e4,Large,1.72
8f692f11-f68a-d336-0616-b53ceb30f13a,4d040862-de03-3333-2f7c-a606e32c19e4,Medium,6.37
f06fa7e6-fa24-4b3a-1768-f93ea1ecaf71,4d040862-de03-3333-2f7c-a606e32c19e4,Small,7.11
35ea97b8-411c-2055-4495-fc3fce9e430f,4d040862-de03-3333-2f7c-a606e32c19e4,PeeWee,11.6
948da8ad-27c0-35b8-0e05-7a6dacaba24b,a8778c8d-6226-ce53-ca40-ca4c2621aac2,Jumbo,12.88
1a3deb6c-4b41-1343-41fa-137fdc21a54b,a8778c8d-6226-ce53-ca40-ca4c2621aac2,Large,40.96
8e06c5ff-5020-1792-435a-9af883636155,a8778c8d-6226-ce53-ca40-ca4c2621aac2,PeeWee,38.88
8eeda326-9df2-7e7d-763a-3bf5eae0c1e4,3f511ce7-67c7-46e6-0e97-dcd650a1b1f3,Jumbo,22.07
13f36476-9fb6-ab87-2e74-4807edda29e9,3f511ce7-67c7-46e6-0e97-dcd650a1b1f3,Extra Large,16.6
003172e4-639c-e6de-8f68-b95c12a21e14,3f511ce7-67c7-46e6-0e97-dcd650a1b1f3,Large,10.05
bb0a3060-5f8a-0eaa-a139-01cf7482fe69,3f511ce7-67c7-46e6-0e97-dcd650a1b1f3,Medium,23.18
6b98286b-ca1c-9a91-1606-81fb1a23b63b,3f511ce7-67c7-46e6-0e97-dcd650a1b1f3,Small,14.85
9e068c11-da17-18ca-1ab0-f84e8cedce5c,3f511ce7-67c7-46e6-0e97-dcd650a1b1f3,PeeWee,17.12
a638bfde-a662-5209-5543-74637cd4a7f1,866a720f-ec3e-f7c7-bfd7-6e42fea37cf6,Jumbo,35.23
ff00ece0-9fec-9b1d-6501-039d079c9692,866a720f-ec3e-f7c7-bfd7-6e42fea37cf6,Extra Large,20.6
81ff07cd-35f5-d36e-a4e1-ad90840b4f1f,866a720f-ec3e-f7c7-bfd7-6e42fea37cf6,Large,18.45
0ffca203-8fe9-6cb7-e9ce-d5851d1df59c,866a720f-ec3e-f7c7-bfd7-6e42fea37cf6,Medium,32.52
df74dd00-96cf-c0ed-01cf-e40a795c3ffc,866a720f-ec3e-f7c7-bfd7-6e42fea37cf6,Small,16.87
107573fa-567d-5678-1b51-ab5ec9983228,866a720f-ec3e-f7c7-bfd7-6e42fea37cf6,PeeWee,20.85
6a2799c1-f636-e9be-1f2d-f05e592b01fd,005c3267-ace5-25ba-2b31-2aa34ba20f83,Large,50.24
1a1719e7-506c-786e-a434-5d221710ceac,005c3267-ace5-25ba-2b31-2aa34ba20f83,Medium,8.12
f8e690d7-efbb-90ab-5488-7a0bf68b7f3a,005c3267-ace5-25ba-2b31-2aa34ba20f83,PeeWee,42.38
706a4c63-a34a-3e09-6ced-8d9084fcac59,282a24c8-a053-89ea-63d6-7fda4151c9d7,Jumbo,30.87
f038fe73-9983-dade-0c8f-f8d553913206,282a24c8-a053-89ea-63d6-7fda4151c9d7,Extra Large,28.65
1fc09a95-9532-84f4-c5fa-43cc70687298,282a24c8-a053-89ea-63d6-7fda4151c9d7,Large,25.06
0f1b6ea6-e947-f7e2-bd20-82c66fe969b1,282a24c8-a053-89ea-63d6-7fda4151c9d7,Medium,34.66
84340238-b158-b490-7998-d3ee849895e8,282a24c8-a053-89ea-63d6-7fda4151c9d7,Small,17.06
1295522a-4a00-cc5d-c62b-8ce129f019bf,282a24c8-a053-89ea-63d6-7fda4151c9d7,PeeWee,21.05
f6dec370-33d0-5098-2234-42035ee5322c,8bf2c0d2-79ab-7fe7-9c79-47f07d8328a5,Jumbo,29.71
fd621dba-d05b-1217-bddf-c93fcbe3deae,8bf2c0d2-79ab-7fe7-9c79-47f07d8328a5,Extra Large,35.45
3acf42c1-7da4-aad1-e971-b305b07f9658,8bf2c0d2-79ab-7fe7-9c79-47f07d8328a5,Large,13.44
16b6085b-852b-ee82-5de9-07d26ad48618,8bf2c0d2-79ab-7fe7-9c79-47f07d8328a5,Medium,25.91
fe71332f-1079-addd-444d-61a87921408b,8bf2c0d2-79ab-7fe7-9c79-47f07d8328a5,Small,33.56
96234174-a57e-f122-ac4a-5b6d09d05257,aeadfeea-c8dd-dd1d-2028-b99127c4e031,Jumbo,40.62
9ca65d9b-dd4c-89fa-8634-7e25d83027e3,aeadfeea-c8dd-dd1d-2028-b99127c4e031,Extra Large,22.09
c358b0a5-e49f-dd0c-6229-84be0c9c27ba,aeadfeea-c8dd-dd1d-2028-b99127c4e031,Medium,3.14
b6dd44be-99f7-c7eb-4dd5-b08210b5541f,aeadfeea-c8dd-dd1d-2028-b99127c4e031,PeeWee,35.98
f0339daa-5f9d-aabf-6ba0-cf70f294620a,7d04013f-5e2a-e6c9-4764-6c9e34871dde,Jumbo,7.81
07a07df1-4bb2-7b10-2d29-ed0160a1f0a6,7d04013f-5e2a-e6c9-4764-6c9e34871dde,Extra Large,62.52
3909aa7a-8fa7-fe27-2040-604b30fec926,7d04013f-5e2a-e6c9-4764-6c9e34871dde,Large,33.84
bbc9caa1-940c-4c67-6c4c-1de4b503b56f,7d04013f-5e2a-e6c9-4764-6c9e34871dde,Small,25.56
967808f2-bb22-471d-d029-7aaa3dd13b73,f228f801-0066-4c4d-a66b-c7ff597fbce1,Jumbo,15.59
f1f42185-ee6c-23f8-dab0-b4009cb56617,f228f801-0066-4c4d-a66b-c7ff597fbce1,Small,19.23
d93b674b-3b31-c362-ee12-b6a725570466,f228f801-0066-4c4d-a66b-c7ff597fbce1,PeeWee,10.45
03466c28-2ef8-a691-9b06-7028732020b9,282e989f-3845-abe3-d3f3-971fc313ed66,Jumbo,7.53
8e43ff29-5ffc-1257-57ee-7894687534be,282e989f-3845-abe3-d3f3-971fc313ed66,Extra Large,33.07
d3e860e4-d50a-67bf-64fc-2dd34eab3005,282e989f-3845-abe3-d3f3-971fc313ed66,Large,23.23
6473147b-77a5-5d0c-2442-b2da44cb1fac,282e989f-3845-abe3-d3f3-971fc313ed66,Small,24.37
97c2a2e6-1b8e-9438-a8d5-878dc566afe1,282e989f-3845-abe3-d3f3-971fc313ed66,PeeWee,17.96
b79a37f1-7b1e-0b2d-698d-aaa3ce1f2db3,5e1b066e-f874-ff34-9611-0b6e65718c12,Jumbo,8.32
1c8db37b-a83e-fd3d-68a3-9e2e54ad0b43,5e1b066e-f874-ff34-9611-0b6e65718c12,Large,18.24
e590147c-1c8c-807c-5c67-12fa8726ea63,5e1b066e-f874-ff34-9611-0b6e65718c12,Medium,13.94
4244af46-131c-331b-8a1c-989ee9b11b31,5e1b066e-f874-ff34-9611-0b6e65718c12,Small,12.19
1e9fa51e-5b92-7b8d-8d8b-0118416c82ef,5941724b-4b91-3182-ec6a-4502ab0cca3f,Jumbo,12.56
a68e088a-b2f3-db08-ad4d-4b4e9bcd5182,5941724b-4b91-3182-ec6a-4502ab0cca3f,Extra Large,9.95
351bf3c2-9e48-9cc3-f82c-dc9bc27d77c2,5941724b-4b91-3182-ec6a-4502ab0cca3f,Large,13.9
c113d17e-5340-88d7-df60-3a9dec7e1fbf,5941724b-4b91-3182-ec6a-4502ab0cca3f,Medium,12.54
aed624d2-32c7-6795-3791-2491a6900cca,6ab84e7f-d779-cba1-8291-064c8329121e,Jumbo,12.49
160e5f22-3096-1dd5-c048-4aa969feeed3,6ab84e7f-d779-cba1-8291-064c8329121e,Extra Large,4.38
8c4c6594-3937-e5f9-aa1d-0f99e03688da,6ab84e7f-d779-cba1-8291-064c8329121e,Large,4.56
5073bdb7-b12f-1ab7-1750-86a61e6615cd,6ab84e7f-d779-cba1-8291-064c8329121e,Medium,4.83
ca6286b5-aaca-0b0f-bc92-1252bb120389,db342d5b-e019-0554-cc2a-1354d3fc8c97,Extra Large,38.41
418d27fc-136f-8e03-0f32-8b9697871896,db342d5b-e019-0554-cc2a-1354d3fc8c97,Large,43.41
488c6fd6-7c3f-6dfe-82d4-f5c5834eba81,db342d5b-e019-0554-cc2a-1354d3fc8c97,Medium,39.7
c0ef9881-3d41-2d16-307c-cbb82d6e9815,db342d5b-e019-0554-cc2a-1354d3fc8c97,Small,29.01
2f4f5b16-5f69-50a8-53e9-67abd929b3c8,ffd2bc07-efc6-27dd-837e-a8d48b3e35f3,Extra Large,23.46
7336e2ad-b1ca-bab3-ee00-cbb776d6f0ed,ffd2bc07-efc6-27dd-837e-a8d48b3e35f3,Large,39.19
453e1e61-f7c2-0191-dbc7-174ea09d5d28,ffd2bc07-efc6-27dd-837e-a8d48b3e35f3,Medium,27.34
1352781b-6d6f-b030-cf4c-7ffcd9a00387,ffd2bc07-efc6-27dd-837e-a8d48b3e35f3,Small,32.6
293c1e35-4abc-232a-75af-7fe452d4ee6b,ffd2bc07-efc6-27dd-837e-a8d48b3e35f3,PeeWee,14.79
2febdf35-7178-270f-6703-8a22fecaaeac,59f8443f-dcc1-5550-26f9-af58ffb8073f,Extra Large,29.68
8ed1d1c0-1986-fe59-861c-6538883c979c,59f8443f-dcc1-5550-26f9-af58ffb8073f,Medium,28.34
39dabf44-f2d5-133c-c8d5-4c6141158309,59f8443f-dcc1-5550-26f9-af58ffb8073f,Small,63.57
ff8a7023-5c60-4a5e-472a-53962836132d,59f8443f-dcc1-5550-26f9-af58ffb8073f,PeeWee,9.45
cd700bb8-0abe-925b-493d-93791a48c819,73d66051-96df-5166-1737-d51d7a4c7e37,Jumbo,68.89
dd482ac1-f476-b4b1-c583-58db24dce157,73d66051-96df-5166-1737-d51d7a4c7e37,Large,21.48
2c9d9971-6e47-2a20-0682-d7b3e9f8bf86,73d66051-96df-5166-1737-d51d7a4c7e37,Small,70.96
034a5b15-72d2-1765-304e-5dde7ca666ba,73d66051-96df-5166-1737-d51d7a4c7e37,PeeWee,21.09
fbc3e183-3ae6-4fb5-4d82-464617c41b0e,d24f83f6-f5d6-6395-6bd8-944a81c3990f,Extra Large,8.92
4e58c91d-d0b0-e285-e64e-51f3ede25a55,d24f83f6-f5d6-6395-6bd8-944a81c3990f,Large,4.72
8de1b37d-2d43-7e45-2ddb-5da574dbb998,d24f83f6-f5d6-6395-6bd8-944a81c3990f,Medium,16.18
bdc50d8d-9ca6-6994-4a9b-76d34a060576,d24f83f6-f5d6-6395-6bd8-944a81c3990f,Small,4.67
dda9faea-a8c7-53ae-09b6-2e0de8a6958f,d24f83f6-f5d6-6395-6bd8-944a81c3990f,PeeWee,12.72
668f6a40-40a4-29a4-2eb1-d686e2c50c13,55c7767b-b109-edd9-7e7b-4c0481649c68,Jumbo,43.31
6f76f51b-60ca-5af6-1fe8-80c1e6330e46,55c7767b-b109-edd9-7e7b-4c0481649c68,Extra Large,29.92
b6854231-fb25-7db5-4d89-7e47880b8775,55c7767b-b109-edd9-7e7b-4c0481649c68,Medium,13.83
3e2f0647-0cf5-dbe3-adbc-b0d61152e92a,55c7767b-b109-edd9-7e7b-4c0481649c68,Small,28.96
7fca6f22-af35-ce4b-1566-856958a4b26a,55c7767b-b109-edd9-7e7b-4c0481649c68,PeeWee,39.01
2f40b5fe-4e3f-e881-d6bd-73698734c029,c2e5c5ae-3e2a-02b9-c82e-fe348290cafa,Jumbo,20.02
2954951d-2912-e3d8-c288-6a0647bf6653,c2e5c5ae-3e2a-02b9-c82e-fe348290cafa,Extra Large,38.05
26a87a05-42eb-6e48-b1b1-c7c9492344bd,c2e5c5ae-3e2a-02b9-c82e-fe348290cafa,Medium,6.79
ca362ae4-c0c8-8a21-cd3e-0f8638c8216c,c2e5c5ae-3e2a-02b9-c82e-fe348290cafa,Small,50.96
1b3688b3-3513-75d6-388b-150ef65f3ccc,d8ca1ab7-d0d2-22db-efdc-b78ff55f56ce,Jumbo,13.22
6b83539a-fdaa-ae58-5c41-873e55ddf881,d8ca1ab7-d0d2-22db-efdc-b78ff55f56ce,Extra Large,7.94
d5ac9aa9-8887-1f17-fb3c-c25042934404,d8ca1ab7-d0d2-22db-efdc-b78ff55f56ce,Medium,31.05
a1d3edfa-b2b4-399a-8d05-09e37f4d03be,d8ca1ab7-d0d2-22db-efdc-b78ff55f56ce,Small,3.77
afa248a1-3a40-3c87-5051-5f80dece2ee7,d8ca1ab7-d0d2-22db-efdc-b78ff55f56ce,PeeWee,6.51
c500c8b0-091a-2310-38f3-b22df9f914a9,c7405acb-5ca1-6366-c129-2fa0189c91ee,Jumbo,20.86
c4025191-e9dd-c8ce-6c6c-c3a63b5957d1,c7405acb-5ca1-6366-c129-2fa0189c91ee,Extra Large,7.2
7d9861f0-10e1-77d8-f5b3-9cf4833d068c,c7405acb-5ca1-6366-c129-2fa0189c91ee,Large,10.07
efcaf3fb-8cef-5ca2-d630-942a03013547,c7405acb-5ca1-6366-c129-2fa0189c91ee,Medium,20.41
ac973702-38f1-029a-9fec-712960229633,c7405acb-5ca1-6366-c129-2fa0189c91ee,Small,24.34
de2b74fa-8288-60ca-d677-a0665ca2d80a,bde50fb2-3662-e708-fd75-05948cb303ee,Extra Large,25.18
0d84034a-e2cf-21f4-f8a5-f3112724d37a,bde50fb2-3662-e708-fd75-05948cb303ee,Large,21.76
ed2528ee-ddbb-1bd6-cff4-183b8dc192cf,bde50fb2-3662-e708-fd75-05948cb303ee,Small,18.08
85b0dd55-4544-394e-fda6-9ebaaa139814,b266be46-e407-ac50-d51d-5b4fcf7809ff,Jumbo,46.72
433e056f-b589-1a2b-bcdf-b28684b62e62,b266be46-e407-ac50-d51d-5b4fcf7809ff,Extra Large,21.0
8d99cb69-a19b-f179-026b-d24a41ade0d9,b266be46-e407-ac50-d51d-5b4fcf7809ff,Large,5.99
0ddc8bf8-1925-4c6e-050b-8b03353a5525,b266be46-e407-ac50-d51d-5b4fcf7809ff,Medium,39.19
5e22d2bf-b359-7311-a1dd-e0c728672ab0,b266be46-e407-ac50-d51d-5b4fcf7809ff,Small,11.99
3d05aa16-8cc7-f585-e0fe-02cf2e87c856,b266be46-e407-ac50-d51d-5b4fcf7809ff,PeeWee,41.0
8281bace-531c-b84a-9377-4e8683386496,3b12c06b-51ca-6201-f67b-69499baa9313,Jumbo,15.22
2b786e32-a3d6-93ba-22be-f6e074c2bf0e,3b12c06b-51ca-6201-f67b-69499baa9313,Extra Large,8.02
d96a69aa-8c65-b3c5-3332-c15ebc642666,3b12c06b-51ca-6201-f67b-69499baa9313,Large,1.87
8dec200c-78eb-d6bf-a799-1a0d6f3b121d,3b12c06b-51ca-6201-f67b-69499baa9313,Small,11.27
6d9faf66-951e-704d-2ab3-a797057e85e9,3b12c06b-51ca-6201-f67b-69499baa9313,PeeWee,11.07
043ae8f2-1ec2-9e53-c508-eaa1e5a29c9f,31ff6e4d-79df-73ff-9d39-500965c2a1ee,Jumbo,16.85
7bb9930a-5bda-6a99-1df3-fa2aa8c29f72,31ff6e4d-79df-73ff-9d39-500965c2a1ee,Extra Large,1.71
722d8888-eb7a-d09b-e04e-138075ca4230,31ff6e4d-79df-73ff-9d39-500965c2a1ee,Large,1.99
ffa26a0d-0dcc-b883-7741-a5965e60e1d2,31ff6e4d-79df-73ff-9d39-500965c2a1ee,Small,2.85
5ee6698d-35c5-7eef-b2fa-49cbc29f9d6b,31ff6e4d-79df-73ff-9d39-500965c2a1ee,PeeWee,9.11
7d713fe2-d746-5fe8-cb17-10641974c29d,bfd8f4e7-8668-8e04-6cd0-d39627c59343,Jumbo,19.55
47ceae29-25ed-a3ca-422c-3aadc1909d9a,bfd8f4e7-8668-8e04-6cd0-d39627c59343,Large,13.9
19cda34f-10a4-8751-dba4-6ab4eb50f436,bfd8f4e7-8668-8e04-6cd0-d39627c59343,Small,52.84
0477b9c5-e21c-3c3b-bf9b-64487b4557e4,a7c5e6a6-fd32-a2ed-408f-56c9a87da33a,Jumbo,11.2
475a8d37-21af-e4d7-b3ba-694621829572,a7c5e6a6-fd32-a2ed-408f-56c9a87da33a,Large,7.58
07793555-8dc3-4bfa-ceb9-6d2e6b4cbdf8,a7c5e6a6-fd32-a2ed-408f-56c9a87da33a,Small,34.71
80fdae50-b214-24ec-ad3d-a84a3e7c80c7,a7c5e6a6-fd32-a2ed-408f-56c9a87da33a,PeeWee,10.26
0c0efaec-eb11-9dba-e178-d57f571a01f4,352f890e-00d0-3f09-a668-ff25322ac33f,Extra Large,10.37
9f0fa179-136a-6c69-17c1-a1346830550c,352f890e-00d0-3f09-a668-ff25322ac33f,Large,13.15
98786431-26e9-6b49-9f5c-6e431ee69de7,352f890e-00d0-3f09-a668-ff25322ac33f,Small,6.63
33c4860c-5601-e20c-94d4-9eef60ecf994,352f890e-00d0-3f09-a668-ff25322ac33f,PeeWee,15.27
ff782a62-da3d-4573-0b62-3d90f98686c3,42a4546b-908e-d156-f1e8-7785f1ceddf6,Jumbo,28.24
b37c1341-1893-62c5-9e8a-5dc723ca89b6,42a4546b-908e-d156-f1e8-7785f1ceddf6,Large,9.13
91ffb3fc-f647-6c71-faee-e618489d430f,42a4546b-908e-d156-f1e8-7785f1ceddf6,Medium,7.06
5d74bd5b-5f63-b271-d038-5aa35fd21069,42a4546b-908e-d156-f1e8-7785f1ceddf6,Small,13.65
41cfbda4-bf81-5646-1683-176df1d99cb0,42a4546b-908e-d156-f1e8-7785f1ceddf6,PeeWee,7.66
b8a34696-3fca-c151-43d1-4463ad03c5d8,3f4b2968-76d0-a2c3-512f-1a2c2be6cb0f,Extra Large,27.28
d2d3194c-a593-a315-4e12-39daec0e0ac9,3f4b2968-76d0-a2c3-512f-1a2c2be6cb0f,Large,24.17
52542d80-09d5-f869-83ea-59d73671064e,3f4b2968-76d0-a2c3-512f-1a2c2be6cb0f,Medium,18.5
5fe4d8d6-9571-58ca-936d-620068e26262,941db839-27e2-e618-4131-f30fc59eb783,Jumbo,4.25
16e6707b-6549-e65f-e40c-edcd5a10413b,941db839-27e2-e618-4131-f30fc59eb783,Medium,9.67
db497b24-8118-cd9c-ca70-4ceec8499092,941db839-27e2-e618-4131-f30fc59eb783,PeeWee,2.59
0520a1ff-0e62-c35c-32d1-dc947f1c2e2b,0f4f555d-f75a-7404-477d-935960cd2f50,Jumbo,58.32
3b5e8a7d-5e23-c4fd-f16c-4ddb649df015,0f4f555d-f75a-7404-477d-935960cd2f50,Extra Large,14.54
f748f6a9-dbc2-9b0f-fe08-f7b8c8045f73,0f4f555d-f75a-7404-477d-935960cd2f50,Medium,7.97
27b98aef-2a70-d5b3-08d5-b80c7bd2dabd,0f4f555d-f75a-7404-477d-935960cd2f50,Small,58.55
d46dedb4-a557-2c9e-db90-665c0c12d1b3,0f4f555d-f75a-7404-477d-935960cd2f50,PeeWee,42.28
24a80daf-d36b-5b5d-be3b-c7e4f7f1c1e7,8a38c516-77d0-7b99-eaab-89adfd6f6a66,Extra Large,42.74
a9eec882-feda-e989-2945-a4b5719426f7,8a38c516-77d0-7b99-eaab-89adfd6f6a66,Large,15.22
cfeee21a-e572-0ca1-7df8-943f2e7a4e30,8a38c516-77d0-7b99-eaab-89adfd6f6a66,Medium,5.05
94fe1d24-0231-3176-066a-ce705ec57362,8a38c516-77d0-7b99-eaab-89adfd6f6a66,Small,25.99
751f55c4-9dbd-3608-35ed-9c9fe9615cb2,867367dc-62e8-3a32-f3f7-22fa35788589,Jumbo,25.23
46613586-a729-2143-cae4-092d39c37fcd,867367dc-62e8-3a32-f3f7-22fa35788589,Extra Large,9.82
0c4757af-6520-e12a-1882-4744a1a11202,867367dc-62e8-3a32-f3f7-22fa35788589,Large,22.29
3600c723-a8ad-057c-5765-677441783276,867367dc-62e8-3a32-f3f7-22fa35788589,Medium,10.57
3221636e-3614-80a8-38c0-21bc58a8214c,867367dc-62e8-3a32-f3f7-22fa35788589,Small,19.11
6b4d0c3b-f210-38f3-9ec0-4daf821e12ef,867367dc-62e8-3a32-f3f7-22fa35788589,PeeWee,7.15
76f27f0c-8bba-20f8-d0d0-94d581f42837,e53d2471-c169-b744-79ae-811843a24eee,Jumbo,24.03
ddfbe473-59f9-3cc6-0be2-996fbf398352,e53d2471-c169-b744-79ae-811843a24eee,Extra Large,30.79
cda8fbcb-3e9e-eb9b-7824-99d6ce0be77e,e53d2471-c169-b744-79ae-811843a24eee,Large,47.89
37955c45-94a5-03b9-608d-3572a99c82ff,e53d2471-c169-b744-79ae-811843a24eee,Small,53.07
9fcf12c2-ca4f-65ae-75a2-33a582c9ccb6,a5062125-5d0a-29a3-7ac5-b3f4b09ff5fb,Jumbo,51.48
34fdf08d-1831-9474-c121-283f2f454007,a5062125-5d0a-29a3-7ac5-b3f4b09ff5fb,Extra Large,12.91
b1134fc2-447f-4000-ebeb-487c5a70f100,a5062125-5d0a-29a3-7ac5-b3f4b09ff5fb,Large,39.06
a212d178-ab5d-cd24-8c03-ba1ad5b456e4,a5062125-5d0a-29a3-7ac5-b3f4b09ff5fb,Medium,28.68
eb63197c-26fd-f6d6-89e4-32499caf983f,a5062125-5d0a-29a3-7ac5-b3f4b09ff5fb,Small,44.88
48803638-427c-9cc6-0036-b37cb8a7064d,a5062125-5d0a-29a3-7ac5-b3f4b09ff5fb,PeeWee,4.33
77fe4e7e-dd7e-5a3e-a3a1-a683b6c7d3e9,c150ba6d-9f1b-045b-dc9f-d9a9f60c7c17,Jumbo,9.62
8dc074f9-8470-3508-fd42-d8beefebb8c3,c150ba6d-9f1b-045b-dc9f-d9a9f60c7c17,Extra Large,18.7
0822d0f1-11ee-3de5-93d7-bc2e15ccf544,c150ba6d-9f1b-045b-dc9f-d9a9f60c7c17,Large,21.5
909361dc-9efc-3cce-ed42-b0e83748fd2b,c150ba6d-9f1b-045b-dc9f-d9a9f60c7c17,Medium,13.47
70d644ff-e7dc-4606-0906-21cf5c85fe00,fcc55cfb-43e4-faa7-e375-6bba2797b106,Jumbo,14.0
103f7a1b-8f7d-15ac-b1dc-580bb8bdb9b8,fcc55cfb-43e4-faa7-e375-6bba2797b106,Extra Large,48.27
36369333-b8f8-9bbc-c517-589eea4241dc,fcc55cfb-43e4-faa7-e375-6bba2797b106,Large,27.05
8a20e166-cc38-cc80-09c8-9933672e5e5d,642d5c49-5704-3f3a-416e-36fa8f5f8095,Jumbo,5.88
17b6a595-5728-6ab9-ab90-a2fd0da9c95a,642d5c49-5704-3f3a-416e-36fa8f5f8095,Large,18.84
681760f5-daa3-26b8-71a7-0d35ce4396a2,642d5c49-5704-3f3a-416e-36fa8f5f8095,Medium,21.98
6337eb2d-ced6-c639-d15d-d393c7088280,642d5c49-5704-3f3a-416e-36fa8f5f8095,Small,22.2
77fe64f2-b511-386a-3eab-cba0272e8fbd,642d5c49-5704-3f3a-416e-36fa8f5f8095,PeeWee,18.85
d0d02847-4cd9-c4ba-57dc-926b49b23dd7,bb6488d2-2774-37ba-30b3-f848ce400a47,Extra Large,22.99
4f24e74c-48d4-7b54-effc-eb494c105e11,bb6488d2-2774-37ba-30b3-f848ce400a47,Large,27.23
be3493db-d04d-bca9-1e97-681f90ad1ea1,bb6488d2-2774-37ba-30b3-f848ce400a47,Medium,16.53
721c7420-57fa-5952-5424-276885eb2f29,bb6488d2-2774-37ba-30b3-f848ce400a47,Small,24.43
f342a0f1-a554-bc07-f497-4862214d683b,b0c75d6b-4398-f595-2fec-c6598540d618,Jumbo,1.18
bb2604bf-e871-01f6-7c3f-1f3fd6e1a575,b0c75d6b-4398-f595-2fec-c6598540d618,Extra Large,12.51
50c8eddf-e68c-ae7d-d972-6bfab85e83b4,b0c75d6b-4398-f595-2fec-c6598540d618,Large,9.01
ed61afa7-dac7-e136-fb50-52ae2fe5ec59,b0c75d6b-4398-f595-2fec-c6598540d618,Small,15.11
4dc592fa-9899-21a6-5f09-f05c7af9c33b,b0c75d6b-4398-f595-2fec-c6598540d618,PeeWee,5.6
a81086eb-acc5-2caa-acc4-9074b42ed6ce,496a2e3c-3dae-d125-e83c-1b1d95c8f484,Jumbo,21.31
6d141883-d7c7-a840-13ff-51ea358543db,496a2e3c-3dae-d125-e83c-1b1d95c8f484,Medium,10.72
d2aca8f6-9469-4264-389f-ba8d32e2f69d,496a2e3c-3dae-d125-e83c-1b1d95c8f484,Small,20.92
85d5aefd-db1d-f578-49c7-510066d03d46,496a2e3c-3dae-d125-e83c-1b1d95c8f484,PeeWee,11.61
4e54e208-9a24-3566-3fdb-eca714ebc7bf,527e557e-ec1c-39f0-8202-fa31862a20a8,Jumbo,2.54
6fb292ba-9b36-59f6-7114-28d881cf366a,527e557e-ec1c-39f0-8202-fa31862a20a8,Extra Large,3.41
81c2190a-85b6-2efa-a910-089f68edb76e,527e557e-ec1c-39f0-8202-fa31862a20a8,Medium,3.84
261665c6-0aa9-e764-cd14-b9acc9c088f6,527e557e-ec1c-39f0-8202-fa31862a20a8,Small,12.0
eafcc00b-f0b5-0a3d-2e19-da3f9bf51420,527e557e-ec1c-39f0-8202-fa31862a20a8,PeeWee,7.26
b2eb53cd-0408-28c1-0950-e6078d8247b7,1c9de8c8-9e95-7683-fd16-3851b73c42f7,Jumbo,38.22
e3db1d3b-8bb8-17f6-1aa0-df1f0a673815,1c9de8c8-9e95-7683-fd16-3851b73c42f7,Extra Large,29.82
c513ff48-b227-f887-d8d5-5b415544cb04,1c9de8c8-9e95-7683-fd16-3851b73c42f7,Large,14.56
7f844800-9539-b943-987c-8b2ef6330855,1c9de8c8-9e95-7683-fd16-3851b73c42f7,Medium,43.83
759ee6a9-7fde-189b-0ac4-5fa40728f424,1c9de8c8-9e95-7683-fd16-3851b73c42f7,PeeWee,21.65
71668839-f981-171d-5453-fb5cc1246a73,4a3107ae-273b-7acc-a0e6-1776986ddf70,Jumbo,15.39
7bc773ef-b1d0-4175-c1a9-164314abdd41,4a3107ae-273b-7acc-a0e6-1776986ddf70,Medium,9.29
86f5bcdb-c497-9205-334d-ce6d65b4b5ff,4a3107ae-273b-7acc-a0e6-1776986ddf70,PeeWee,15.15
7f290736-197d-44f2-4cb9-cd2285bcc9ce,a8a19a45-7fe2-ea80-99b6-95cec046ef9c,Jumbo,18.21
fed4afc4-c7a1-8ab1-4721-85922f42cc7a,a8a19a45-7fe2-ea80-99b6-95cec046ef9c,Large,25.8
e1f67743-0842-0a66-3e06-318b49824efa,a8a19a45-7fe2-ea80-99b6-95cec046ef9c,Small,11.3
97a017d0-1c65-7419-ab0a-877a2d1a6b46,a8a19a45-7fe2-ea80-99b6-95cec046ef9c,PeeWee,20.26
9a4e8a4f-f033-e7e5-3e03-617727988d61,2d66893b-6626-42fb-e6f9-bf277653e8f1,Jumbo,9.13
66158b1a-c6cd-2882-a390-f8097a78d860,2d66893b-6626-42fb-e6f9-bf277653e8f1,Extra Large,19.15
2b15ee39-6500-df20-49c6-cd89e4700f76,2d66893b-6626-42fb-e6f9-bf277653e8f1,Large,12.14
9e74d9e9-f99a-2d6b-8a82-40775b6c947e,2d66893b-6626-42fb-e6f9-bf277653e8f1,Small,16.04
d3991b2a-f3f9-67e2-5bd2-133cc2da772f,2d66893b-6626-42fb-e6f9-bf277653e8f1,PeeWee,12.53
636ae346-622f-b435-c7ea-a9ecab459cf3,8fa33c2b-252e-066f-5791-4a24d428edaf,Jumbo,16.98
4b1ec062-1ff5-3ab0-0652-27315ec250bc,8fa33c2b-252e-066f-5791-4a24d428edaf,Extra Large,12.13
d6c4c0ba-b725-184b-1d69-cb8ab53c14fa,8fa33c2b-252e-066f-5791-4a24d428edaf,Large,44.23
61c03e10-5e8c-5b9f-41ec-ceae6592058f,8fa33c2b-252e-066f-5791-4a24d428edaf,Medium,33.81
af596b2f-f06b-d30f-ee32-5d3dc613ff43,8fa33c2b-252e-066f-5791-4a24d428edaf,PeeWee,52.7
ba4a871e-9079-c32b-b6fe-71ab0f054bb3,4f62017a-1477-34c4-0818-897d588e47ca,Jumbo,5.55
93133d86-a2ac-1012-3196-0fccd2c7bbbf,4f62017a-1477-34c4-0818-897d588e47ca,Large,11.32
5e8565ce-196d-c711-6137-8e28658c157d,4f62017a-1477-34c4-0818-897d588e47ca,Medium,17.94
cecaa7e6-0b3d-03eb-4655-26f13bf0b871,4f62017a-1477-34c4-0818-897d588e47ca,Small,2.29
47f9cec3-f764-2195-f5a2-227e01f361ea,4f62017a-1477-34c4-0818-897d588e47ca,PeeWee,24.04
423014ab-b62a-1a55-fd14-ba85ba816b11,ac0ddabc-454e-5ff3-7f4f-2abc8cfc3521,Jumbo,26.69
e9791e44-f324-cd61-986e-39b80f631d98,ac0ddabc-454e-5ff3-7f4f-2abc8cfc3521,Large,5.7
af61d07b-a884-240e-8320-ecf462aae50d,ac0ddabc-454e-5ff3-7f4f-2abc8cfc3521,Medium,25.2
918a1faf-87fb-b119-6dc9-cac6509a3199,ac0ddabc-454e-5ff3-7f4f-2abc8cfc3521,PeeWee,22.81
422e2f7a-e17c-d1ff-3614-5bc1ac2c5989,758d95a6-d503-273e-ed6c-e21624b6dda6,Jumbo,5.61
60de9b40-9bc4-b579-61ff-9bcd0b981846,758d95a6-d503-273e-ed6c-e21624b6dda6,Extra Large,7.03
c01d9d00-2e12-182d-1279-a4b65026855b,758d95a6-d503-273e-ed6c-e21624b6dda6,Large,3.58
20e6c1b6-b3a5-2d6f-2722-28382befe5ea,758d95a6-d503-273e-ed6c-e21624b6dda6,Medium,10.49
62944b59-8f58-4b99-ef23-0b2ee4c68890,758d95a6-d503-273e-ed6c-e21624b6dda6,PeeWee,11.07
384c3381-8d04-8cf2-e0a9-c9247d6c1209,e06340a1-4c90-115f-36cc-adbfd467ab7a,Extra Large,13.05
92007eb7-094f-cb4b-9a6c-3eed2323ebdf,e06340a1-4c90-115f-36cc-adbfd467ab7a,Small,38.01
bc399f62-5d68-939a-7786-2e2851beba8f,e06340a1-4c90-115f-36cc-adbfd467ab7a,PeeWee,6.6
77cfdce5-8c81-74a6-50f4-daa8aea8e6fa,826d76a0-1392-2629-b359-1ee8d19b81dd,Jumbo,16.39
3f5141c9-f122-6ceb-119c-418cf34978d3,826d76a0-1392-2629-b359-1ee8d19b81dd,Extra Large,27.2
3a5bae31-5e4b-f70f-72c5-f45db250273e,826d76a0-1392-2629-b359-1ee8d19b81dd,Large,35.61
d6f85552-7b78-f828-2ef1-461a4b8f0c51,826d76a0-1392-2629-b359-1ee8d19b81dd,Medium,18.0
ca19d277-bc2e-3911-32df-b48ac37de538,826d76a0-1392-2629-b359-1ee8d19b81dd,Small,22.64
023620dc-a844-0d0e-510a-c99c3df5be7d,826d76a0-1392-2629-b359-1ee8d19b81dd,PeeWee,7.2
fd5b4536-f3da-0133-bab0-76687f7d203a,22c82e26-ae2f-8df5-c2be-000a723b259e,Jumbo,35.53
21c9726a-2162-56d3-9e46-b408f022ef44,22c82e26-ae2f-8df5-c2be-000a723b259e,PeeWee,4.26
23d41273-9122-0b18-c578-3a6eb2b4ed81,64552f3c-0928-8358-93be-57b3544f5168,Jumbo,9.63
bd12ebd5-cdd1-bef4-b0c9-46eda4d0e59b,64552f3c-0928-8358-93be-57b3544f5168,Extra Large,20.53
35bc8b13-cee1-c203-5751-fe8066372362,64552f3c-0928-8358-93be-57b3544f5168,Large,24.26
61720809-5024-e3ce-16c8-abf628834b5f,64552f3c-0928-8358-93be-57b3544f5168,Medium,34.93
bf5b5e9f-1ac6-b05f-f359-7538323c879b,64552f3c-0928-8358-93be-57b3544f5168,Small,24.6
b04bc77e-449e-2e7b-4c35-de1ea499a518,64552f3c-0928-8358-93be-57b3544f5168,PeeWee,16.33
2762d998-8ba4-e738-5e47-e9317a61abf0,fcc08b90-5cce-c6ff-5778-dd57f35d0be6,Jumbo,2.74
34636ad7-8897-04d8-cab7-9c266701533c,fcc08b90-5cce-c6ff-5778-dd57f35d0be6,Extra Large,3.02
ec2e2813-d58e-fd38-eb29-d7be9472ec17,fcc08b90-5cce-c6ff-5778-dd57f35d0be6,Medium,7.77
b4c68076-5856-f576-9bf3-294f21968042,fcc08b90-5cce-c6ff-5778-dd57f35d0be6,PeeWee,14.3
12007299-8705-8ba4-899d-740f43200507,32058e7a-8db5-58d9-59e5-feef34f0a3f4,Jumbo,5.54
1f928c25-1343-ab35-df42-d36aee3a2d41,32058e7a-8db5-58d9-59e5-feef34f0a3f4,Extra Large,27.02
fb21f1bf-f966-7218-1d2d-e8534f59b4ce,32058e7a-8db5-58d9-59e5-feef34f0a3f4,Large,37.24
520aa10d-a030-7a95-96c4-70b27a833aa3,32058e7a-8db5-58d9-59e5-feef34f0a3f4,Medium,67.29
585e5f9a-2ba2-adb5-3d38-a470bfc6f3ea,32058e7a-8db5-58d9-59e5-feef34f0a3f4,Small,6.55
d140c1cd-dec4-2e55-5c15-6395774cbdea,22f0ba22-cc6a-1f68-212a-6587b10b099b,Jumbo,2.48
37095acd-820c-4f90-f999-f635dbb6951a,22f0ba22-cc6a-1f68-212a-6587b10b099b,Extra Large,30.5
c86aac30-d5c2-f436-ae8f-9cd71ac4c38a,22f0ba22-cc6a-1f68-212a-6587b10b099b,Small,16.17
a69528f4-c53c-efdd-74f0-504e87780278,22f0ba22-cc6a-1f68-212a-6587b10b099b,PeeWee,10.97
0a6cb08b-c85f-129b-5256-d293e2a44d9c,226ff813-c8a6-f043-51f3-0b548a9fb9b2,Jumbo,7.58
f46c1cef-10fd-9b15-fdd8-6f1f9029e8bc,226ff813-c8a6-f043-51f3-0b548a9fb9b2,Extra Large,12.09
b5aa3320-1d16-e8b0-3b82-7c8534d63cb6,226ff813-c8a6-f043-51f3-0b548a9fb9b2,Medium,10.36
a8160971-849c-2beb-8333-cf512de59cde,226ff813-c8a6-f043-51f3-0b548a9fb9b2,Small,8.63
13553f08-fdfd-c692-1b55-9da84b4fa61c,226ff813-c8a6-f043-51f3-0b548a9fb9b2,PeeWee,8.0
41a187b1-fa8f-f4c9-0077-49b36ef0b357,e57cef50-22cc-9d48-8a89-1257c50dd09f,Jumbo,18.24
e74b2cc0-0878-fd9d-e2c1-cf229bbab514,e57cef50-22cc-9d48-8a89-1257c50dd09f,Extra Large,41.94
3a5fa2c2-f456-3071-4b55-7ddd2793bd9a,e57cef50-22cc-9d48-8a89-1257c50dd09f,Medium,38.96
75fb15c6-ef6a-7649-5cb1-89f8b18ffba6,e57cef50-22cc-9d48-8a89-1257c50dd09f,Small,28.89
8f789a8c-629b-f463-97f8-dcd1c4b69550,e57cef50-22cc-9d48-8a89-1257c50dd09f,PeeWee,28.53
970e55e5-2281-43e8-722e-5b3f9ec0ced2,3b234eb2-77d6-0696-5142-436d539860fc,Jumbo,10.9
4af4ecc5-0cd5-8553-5a24-642b8e7327c2,3b234eb2-77d6-0696-5142-436d539860fc,Large,6.51
225828b4-94ac-713a-c226-556929355d74,3b234eb2-77d6-0696-5142-436d539860fc,Medium,10.39
c3f76732-997a-6124-647c-dde8be4700c5,3b234eb2-77d6-0696-5142-436d539860fc,Small,14.6
8dc6deb5-f5c1-9c8a-f532-12a29d391c34,3b234eb2-77d6-0696-5142-436d539860fc,PeeWee,12.44
86d432fa-e56c-319b-7d0e-f1829a6225da,b66412a2-13f4-83b0-d9e5-1f2f56c6e0d8,Extra Large,22.36
0b6c83a4-961e-9152-85d1-f475d05eadc5,b66412a2-13f4-83b0-d9e5-1f2f56c6e0d8,Large,6.22
7202174f-a43b-509b-dc63-602812b74822,b66412a2-13f4-83b0-d9e5-1f2f56c6e0d8,Medium,2.5
8a5d6c68-6d52-530a-cf0d-ced56214350c,d4e1c085-9862-3905-2274-bf1c61827bc0,Jumbo,17.5
b1ca3f20-2738-47e7-4360-b9a571fc9402,d4e1c085-9862-3905-2274-bf1c61827bc0,Medium,8.37
c074a074-b81f-f556-ec23-40439ae6fa50,d4e1c085-9862-3905-2274-bf1c61827bc0,Small,25.11
e7292050-202c-842f-3b58-feee133ff825,d4e1c085-9862-3905-2274-bf1c61827bc0,PeeWee,6.23
f70d21ae-35a2-52cf-7590-912d2c68fb61,3321bdb7-2d6e-dfaa-057d-d6c06ff0a253,Small,9.85
c2f7e491-efa0-5e84-6276-7bc8f505a7e8,3321bdb7-2d6e-dfaa-057d-d6c06ff0a253,PeeWee,10.66
56737542-8ba6-8adf-e916-fadc95905b74,f0f209f7-d15f-640e-3fe3-6345edcd8f03,Jumbo,67.54
bc3352e2-f93b-5e86-952a-3f118d383d63,f0f209f7-d15f-640e-3fe3-6345edcd8f03,Extra Large,68.2
c415063b-623b-07ee-ff63-ae760769d6e8,f0f209f7-d15f-640e-3fe3-6345edcd8f03,Large,14.29
94202aef-2a03-21e0-2aa6-8d6693659ae1,f0f209f7-d15f-640e-3fe3-6345edcd8f03,Medium,12.32
192800eb-2b3f-6214-dfe1-182c7c72b72a,f0f209f7-d15f-640e-3fe3-6345edcd8f03,Small,42.54
70907cc5-a66e-1b41-9559-9a5c886bb0cf,f0f209f7-d15f-640e-3fe3-6345edcd8f03,PeeWee,6.78
44f24b57-3e93-0163-e9f0-1e42a5a0108f,c0ac677c-f91e-42a6-c3db-4a483ec7f403,Large,17.6
9f7db7ed-0381-8b12-0893-1c013e5e8a7d,c0ac677c-f91e-42a6-c3db-4a483ec7f403,Medium,50.93
8fba6ab9-b6d2-f65e-e123-3812f32e4555,c0ac677c-f91e-42a6-c3db-4a483ec7f403,Small,42.06
0f36305c-4028-f067-479f-9ca20e973d2f,c0ac677c-f91e-42a6-c3db-4a483ec7f403,PeeWee,29.31
afe15c1d-dbd0-c54e-f1fd-93355b616f18,17a56100-9de6-4414-cba1-b4b0c84ff87f,Extra Large,12.12
4507ac85-5086-737a-eb42-985316ef148a,17a56100-9de6-4414-cba1-b4b0c84ff87f,Medium,48.92
07bf88d3-e551-27c1-71a9-f3f39500bf2d,17a56100-9de6-4414-cba1-b4b0c84ff87f,Small,23.62
89120503-7d3b-e405-6cdc-df8b67910c51,17a56100-9de6-4414-cba1-b4b0c84ff87f,PeeWee,16.89
47239aa3-4bc5-4d08-ac11-9b1dca1f5b56,c7f6327b-09a5-7725-81ee-7d6fb29f7603,Extra Large,40.25
be94859b-a691-053b-f5fa-c9066ba8d282,c7f6327b-09a5-7725-81ee-7d6fb29f7603,PeeWee,18.65
8bc4bd4e-2a07-07b0-1dc1-4cc236852d2d,fd3e3c09-3ea1-f15f-0420-48c414b75bee,Jumbo,22.88
abd7cbcd-3140-3989-3cba-c6ecd3d48fc2,fd3e3c09-3ea1-f15f-0420-48c414b75bee,Large,40.49
41c3916d-db51-5202-f0fc-95952f676748,fd3e3c09-3ea1-f15f-0420-48c414b75bee,Small,3.94
8a0d8018-3b66-2e8c-fc77-a8098d4c56d3,24d63d49-080a-68ce-e370-a2da6e8d52f8,Jumbo,16.0
2157fd21-21ea-1b2b-469a-08b0c4538327,24d63d49-080a-68ce-e370-a2da6e8d52f8,Extra Large,4.65
b3ada660-a15c-f30c-7261-47175c0c8db1,24d63d49-080a-68ce-e370-a2da6e8d52f8,Large,11.53
5a7b4d93-7460-8c44-119e-70050db95c88,24d63d49-080a-68ce-e370-a2da6e8d52f8,Small,10.63
542ba68d-9db9-52cd-1f0f-94e194a03503,24d63d49-080a-68ce-e370-a2da6e8d52f8,PeeWee,4.23
169a8cad-2d4b-f3c6-a910-fcdae9a8c4e3,fe94096a-c4ec-f9d5-b83b-50b917007cf1,Extra Large,54.79
b39a2240-3d18-566e-46a9-b7759e344b0a,fe94096a-c4ec-f9d5-b83b-50b917007cf1,Large,34.94
e4566ff1-8409-4f2b-8592-3ea0540d1cba,fe94096a-c4ec-f9d5-b83b-50b917007cf1,Medium,40.95
0bb38193-313e-4198-0796-0e492a120c0e,fe94096a-c4ec-f9d5-b83b-50b917007cf1,Small,20.38
efa5c273-b86e-3009-f70d-b324fb8f3548,e3e6e2cc-b0e4-a5fd-a8a1-cf1105a5bd5e,Jumbo,40.06
6c33acc2-e680-6b8b-c680-068fb3e86eb8,e3e6e2cc-b0e4-a5fd-a8a1-cf1105a5bd5e,Extra Large,40.48
2903951e-71fc-23bd-f5af-a0a15c5901ba,e3e6e2cc-b0e4-a5fd-a8a1-cf1105a5bd5e,Large,9.16
a270130b-abaf-11fb-6b91-bde236947d3a,e3e6e2cc-b0e4-a5fd-a8a1-cf1105a5bd5e,Medium,4.45
31cfaa2b-7521-e928-e6cf-326b0e2ca59b,e3e6e2cc-b0e4-a5fd-a8a1-cf1105a5bd5e,PeeWee,53.78
b3666be0-371d-2fd6-5ed9-74ecec2bfea4,fdc58c67-7d79-5732-a529-2e964a6cff27,Extra Large,57.01
38459dc2-49c5-ee58-4309-fe5a2485728b,fdc58c67-7d79-5732-a529-2e964a6cff27,Small,24.13
c481c91f-46d9-11ec-b23d-a8213f2ac1f4,fdc58c67-7d79-5732-a529-2e964a6cff27,PeeWee,13.77
b247601e-a841-43cc-825f-c305542ac90b,03c5963b-ffbd-9dbe-9b1e-1ac63b8a1c21,Jumbo,48.49
c3662542-1543-d36c-79d0-14aa61983673,03c5963b-ffbd-9dbe-9b1e-1ac63b8a1c21,Extra Large,25.99
a3b9f500-2e8a-78ac-57b3-151b129ff3f8,03c5963b-ffbd-9dbe-9b1e-1ac63b8a1c21,Large,37.94
c7de9416-be36-74d1-f3dd-fec8fca493a6,03c5963b-ffbd-9dbe-9b1e-1ac63b8a1c21,Small,25.27
5d1204da-6ac2-7265-31dd-e7ba2e98f2d9,03c5963b-ffbd-9dbe-9b1e-1ac63b8a1c21,PeeWee,5.73
416885f6-76cf-be92-e82f-8f19361f4199,4064a6cc-7c17-4b82-41bc-c552cc2dd390,Jumbo,2.18
0e9d9759-3453-b9f0-7577-befb5d8c702c,4064a6cc-7c17-4b82-41bc-c552cc2dd390,Extra Large,10.3
4daad971-c583-5e89-a935-2f8cd9388451,4064a6cc-7c17-4b82-41bc-c552cc2dd390,Medium,10.83
affe737a-3684-c566-8d66-08dce78f5f8a,4064a6cc-7c17-4b82-41bc-c552cc2dd390,PeeWee,14.3
0359889e-7130-9a6d-cf79-f2a1e5c7f7e1,568abc56-6ab3-b680-9de7-5cc3b239f2b9,Jumbo,12.28
8e8a6a5b-f5c7-3b5c-ea40-7401f479cd62,568abc56-6ab3-b680-9de7-5cc3b239f2b9,Extra Large,12.12
0d581da4-9459-1573-49df-0fe99434b5ed,568abc56-6ab3-b680-9de7-5cc3b239f2b9,Large,10.94
305709a6-aefa-7fd5-2fe2-d762dfeb46d2,568abc56-6ab3-b680-9de7-5cc3b239f2b9,Medium,77.38
d000db5f-1c68-22b0-e6cb-03ef19b53e6e,568abc56-6ab3-b680-9de7-5cc3b239f2b9,Small,60.65
00c54312-9fc7-40e1-304c-275e2f37df2a,568abc56-6ab3-b680-9de7-5cc3b239f2b9,PeeWee,28.96
37347be6-3515-c5f6-e51e-cd6c77be04b1,260fda08-4f21-fcb8-8bf8-d9a05e50bc86,Jumbo,14.78
38bf625c-b451-7ab3-a1c2-0d4e86faf04e,260fda08-4f21-fcb8-8bf8-d9a05e50bc86,Large,43.61
b76eb260-fbdf-84d7-ee95-edf31ad4b1f2,260fda08-4f21-fcb8-8bf8-d9a05e50bc86,Small,13.44
8f72df28-23aa-502f-3247-6ad82d9c3fb6,260fda08-4f21-fcb8-8bf8-d9a05e50bc86,PeeWee,8.71
89315bb3-9b0d-30ca-90d6-16f2635adb1f,810e478b-864d-d7b5-69e3-da58f1c82a26,Extra Large,42.36
b44dc7a9-8816-7087-9d89-bb8afc00001d,810e478b-864d-d7b5-69e3-da58f1c82a26,Medium,26.13
4edd51fc-14ac-538c-59a2-72682ce2610e,810e478b-864d-d7b5-69e3-da58f1c82a26,Small,6.17
6bec68c0-cdd9-7328-90a5-035a98cecd07,810e478b-864d-d7b5-69e3-da58f1c82a26,PeeWee,8.81
557de9bc-e2b5-d79e-c72d-44ef0250b7f2,0e3de377-f590-6fdb-3158-b277f590cf52,Jumbo,9.94
6c4d23ab-73bb-410b-6370-4bc7c77a689e,0e3de377-f590-6fdb-3158-b277f590cf52,Extra Large,13.91
d555d3a5-589d-0b6a-13c0-98843be92dbd,0e3de377-f590-6fdb-3158-b277f590cf52,Large,4.07
4fb741d5-858f-dc20-edb5-9bd0ec970df5,0e3de377-f590-6fdb-3158-b277f590cf52,Medium,20.15
42e3882c-8f50-0b0d-758b-79edde347446,0e3de377-f590-6fdb-3158-b277f590cf52,Small,28.99
4fc99106-86cf-fddf-3ff3-b00cea436eb9,0e3de377-f590-6fdb-3158-b277f590cf52,PeeWee,9.45
c65ddc75-12c9-329f-2f71-45cdc4059816,06eb5ecf-e01e-23b1-9962-d50b9e0976c3,Large,28.03
92c579e1-c00f-b47f-4ae2-30fd832a9ef8,06eb5ecf-e01e-23b1-9962-d50b9e0976c3,Medium,23.2
e334b3a5-40a0-f797-ee27-c93ee0b9e7d6,06eb5ecf-e01e-23b1-9962-d50b9e0976c3,Small,25.46
618f077e-7fe2-7129-d166-aea449d8fda4,06eb5ecf-e01e-23b1-9962-d50b9e0976c3,PeeWee,17.25
1c2bff92-f4a2-1e17-cdc9-d36adbfe1ecf,792c7d7c-af96-657b-9811-05febb4a7d29,Jumbo,12.57
5740fe1b-a9b2-0439-6d80-1289cd58ed73,792c7d7c-af96-657b-9811-05febb4a7d29,Extra Large,41.21
9e66c178-700b-7d1c-ee96-46c4c183c71d,792c7d7c-af96-657b-9811-05febb4a7d29,Large,12.33
dc4ce762-9168-f591-42fb-77fd82aae353,792c7d7c-af96-657b-9811-05febb4a7d29,Medium,4.2
d235e966-a07e-e316-2306-68e2393c2bf7,792c7d7c-af96-657b-9811-05febb4a7d29,Small,36.25
21e4c3d9-80af-5a4c-d72a-fd03e15746a2,792c7d7c-af96-657b-9811-05febb4a7d29,PeeWee,46.86
216f422d-6223-deb6-e58d-47dfe64e4dc0,89f87bb7-4d3c-83ba-1f79-51e0bd93c1a4,Extra Large,3.99
0497abbd-11c4-11b0-3a0b-4ade637d9aaf,89f87bb7-4d3c-83ba-1f79-51e0bd93c1a4,Medium,5.24
d6edd1bc-c013-6fbb-190b-aea532d1b163,89f87bb7-4d3c-83ba-1f79-51e0bd93c1a4,Small,20.15
3ed074ee-b36c-8b9c-4da4-dda2bf99d791,89f87bb7-4d3c-83ba-1f79-51e0bd93c1a4,PeeWee,22.99
77ddad34-5250-51c2-fa32-3a0535097359,26c0013d-c876-d0bb-fcc5-a0072853a50e,Jumbo,11.42
ca0e3fd7-742a-e7d1-4b2f-e5b3228acb6f,26c0013d-c876-d0bb-fcc5-a0072853a50e,Extra Large,5.78
da9cfcc2-d12e-a515-d792-4502e5476201,26c0013d-c876-d0bb-fcc5-a0072853a50e,Large,40.22
4f97ec71-3362-53b7-cc68-ea4d2638bad1,26c0013d-c876-d0bb-fcc5-a0072853a50e,Small,5.41
30c4d34d-ab53-2781-be73-00aa51d67b0a,26c0013d-c876-d0bb-fcc5-a0072853a50e,PeeWee,13.52
54708422-ad7e-fac3-c578-994d678d3f68,fd3aa252-5d94-536d-df39-3e04ca2f6303,Jumbo,54.99
32c0d85b-18ac-45d7-608e-1aa409756a46,fd3aa252-5d94-536d-df39-3e04ca2f6303,Large,42.22
6c054c96-14e0-0285-9d2d-07635d9be26c,fd3aa252-5d94-536d-df39-3e04ca2f6303,Medium,27.71
65f9c358-56cc-2bd6-9344-0414926f4b45,fd3aa252-5d94-536d-df39-3e04ca2f6303,PeeWee,7.73
a1365570-ed55-9416-c04a-6ccd3a44c624,bd898ac3-6725-02fa-e53e-3903545923e1,Extra Large,31.3
55007513-ca86-ee0a-95a7-d98f9a3c730d,bd898ac3-6725-02fa-e53e-3903545923e1,Large,48.49
f0dcc612-0549-fc21-17c1-f6ebc849cd7e,bd898ac3-6725-02fa-e53e-3903545923e1,Medium,24.24
9a269a1d-5f89-5ec6-8dc1-1bbcaac8be2d,bd898ac3-6725-02fa-e53e-3903545923e1,PeeWee,28.48
5428c818-56c1-a65c-bd11-6bf2ac42cf88,0f06f944-f682-7770-cc75-35f52b75ba52,Jumbo,10.88
46611961-561a-85c5-69bc-ed3581ac48c1,0f06f944-f682-7770-cc75-35f52b75ba52,Extra Large,10.26
2c5ec4ae-0cef-a071-18c5-9da12935bdc7,0f06f944-f682-7770-cc75-35f52b75ba52,Large,18.32
1972999f-bd92-148c-c758-495751e60f7f,0f06f944-f682-7770-cc75-35f52b75ba52,Medium,22.63
d4706cbd-076e-fc63-9ada-bf7fc9127015,0f06f944-f682-7770-cc75-35f52b75ba52,Small,22.62
22de9826-4146-9708-ca2b-f68899cbef2e,0f06f944-f682-7770-cc75-35f52b75ba52,PeeWee,11.08
66ac82b8-3959-d61b-a71c-32e49390cca2,f37202bf-78da-abaa-b76a-199214384ef1,Jumbo,10.55
5410f975-ded6-1470-5967-56930b7f0651,f37202bf-78da-abaa-b76a-199214384ef1,Large,5.49
932164be-d9e1-176c-2d6d-04c85cb7b559,f37202bf-78da-abaa-b76a-199214384ef1,Medium,9.36
788290fc-298d-e20d-e83f-14502cc54a4e,f37202bf-78da-abaa-b76a-199214384ef1,Small,6.59
9f3aadba-2e25-6dac-2949-bfb2c41ac33a,f37202bf-78da-abaa-b76a-199214384ef1,PeeWee,14.61
0a09baa4-baf1-daaa-9a3e-5cb9c8368c1c,5dff41e2-1e9a-bf31-7768-0f330b8fdc49,Large,30.8
5495c489-d3bb-a7c1-f2fe-184b12071d09,5dff41e2-1e9a-bf31-7768-0f330b8fdc49,Medium,4.72
d4936c23-d850-5e69-8532-9a4db6f71c44,01d8e7af-4f42-72c8-865a-6774d5306047,Jumbo,16.47
ab12c45b-5d81-935f-b358-2e5a03fcbd1f,01d8e7af-4f42-72c8-865a-6774d5306047,Extra Large,22.43
35045895-7519-cfc3-cad2-f59d530d19b2,01d8e7af-4f42-72c8-865a-6774d5306047,Large,4.68
bbe1e583-ffc1-7afc-6b85-244a22d0ff0e,01d8e7af-4f42-72c8-865a-6774d5306047,Medium,3.14
a96ed0fb-7ffe-a0db-9110-5889720c76fd,01d8e7af-4f42-72c8-865a-6774d5306047,Small,4.41
327845bb-5ccb-c156-cfcd-97312ecf6ae3,df7017c7-0fec-eb5a-eba6-0b9966d6b118,Large,29.87
05a8caa2-ca35-1604-11b6-25c128cd3d75,df7017c7-0fec-eb5a-eba6-0b9966d6b118,Medium,3.07
b030b6e7-f2a0-49cb-0b75-7de5112288d9,df7017c7-0fec-eb5a-eba6-0b9966d6b118,Small,10.84
4fab74a1-45a2-8921-9de5-bbf30f739a3f,f8e95a8f-4e1e-d18c-1d0e-87452f31568e,Jumbo,27.1
5462354f-ead4-a0f2-7678-995230cbb4b0,f8e95a8f-4e1e-d18c-1d0e-87452f31568e,Large,3.4
dbffb046-7d8e-9288-3733-3ed1adb338cd,f8e95a8f-4e1e-d18c-1d0e-87452f31568e,Medium,4.59
a7af13ac-f46a-c06c-1d3b-8ff026e01503,f8e95a8f-4e1e-d18c-1d0e-87452f31568e,Small,28.01
8bd2cfea-9590-48d7-c4d8-2fad896fbbbc,f8e95a8f-4e1e-d18c-1d0e-87452f31568e,PeeWee,44.33
a10bde80-dac0-0708-c132-465c487ca354,d448ffba-f18e-d9bb-f944-2afd9a5f9763,Large,9.0
75cd0f2d-516d-bd4f-bf2a-acd0d5c64069,d448ffba-f18e-d9bb-f944-2afd9a5f9763,Medium,36.23
bcb85d99-42a5-a60d-337b-7a209e328c4f,d448ffba-f18e-d9bb-f944-2afd9a5f9763,Small,34.63
3e169541-b81a-05e4-fbf6-f89e19cacc6a,d448ffba-f18e-d9bb-f944-2afd9a5f9763,PeeWee,59.55
34c5ffea-f8aa-988f-fafc-e0d497cbb7f1,ce2ede87-e83e-1203-8663-1cb9d3649e13,Extra Large,5.22
d866d188-85e4-8b6c-3953-c67ad6eec892,ce2ede87-e83e-1203-8663-1cb9d3649e13,Large,29.24
30c17c5c-c147-b801-ef06-a283dc5e2129,ce2ede87-e83e-1203-8663-1cb9d3649e13,Medium,8.25
6dd6f02d-1c27-8093-38e8-3f8f9755bf75,ce2ede87-e83e-1203-8663-1cb9d3649e13,Small,31.16
93a36189-14d6-ef8d-da7a-d13a3c350a42,ce2ede87-e83e-1203-8663-1cb9d3649e13,PeeWee,6.74
cd1884ed-4415-1682-17b0-059a6f5d27e4,8d19e93c-8a91-0872-8a5e-e8145201a5f2,Jumbo,15.32
ac0ecfb9-4b08-dba7-77d6-4c6be20eb7e8,8d19e93c-8a91-0872-8a5e-e8145201a5f2,Extra Large,7.96
8564c58b-a545-33e5-46d0-c57506527d23,8d19e93c-8a91-0872-8a5e-e8145201a5f2,Large,13.89
2789e48c-c468-2612-d17d-b813429fe1d6,8d19e93c-8a91-0872-8a5e-e8145201a5f2,Medium,15.18
881866a1-a311-e651-e2f2-c6a0e156d51d,8d19e93c-8a91-0872-8a5e-e8145201a5f2,Small,3.9
80767348-a0ba-b76c-97bd-4be9c921535f,8d19e93c-8a91-0872-8a5e-e8145201a5f2,PeeWee,25.0
0cbf6c25-4e32-15d9-f532-cfe84dd22834,25f7fc8b-ac0c-9599-9b58-6f39e7f341c5,Jumbo,47.46
86fb0259-fd08-49f2-aeb2-08f63f9e95d7,25f7fc8b-ac0c-9599-9b58-6f39e7f341c5,Extra Large,46.21
84322d37-0d5d-ed51-ed5d-4099d2941ad8,25f7fc8b-ac0c-9599-9b58-6f39e7f341c5,Large,38.02
92cf8d60-e65f-6f4b-0cfb-cbcb47058fa8,25f7fc8b-ac0c-9599-9b58-6f39e7f341c5,Small,6.89
3eff8ace-1e99-a61a-e907-8053a03ab809,25f7fc8b-ac0c-9599-9b58-6f39e7f341c5,PeeWee,35.23
274eafda-46b7-f9ea-e3ac-33ab9760aa5c,4d8ed68b-f2c5-2774-e160-a81362fb45b1,Jumbo,29.23
a58af84f-7742-7d23-8cee-d57dd72406f1,4d8ed68b-f2c5-2774-e160-a81362fb45b1,Extra Large,42.24
902c85b7-2d96-bfb4-eabc-853c338681c4,4d8ed68b-f2c5-2774-e160-a81362fb45b1,Large,4.75
e0159c0b-53a0-fde4-1d59-0e352e040db8,4d8ed68b-f2c5-2774-e160-a81362fb45b1,Medium,12.42
ce99765f-17d8-bf7e-dee0-fb6a13806a34,4d8ed68b-f2c5-2774-e160-a81362fb45b1,Small,9.37
7162a0ac-a1fa-958e-4d8f-155cf57e8f3c,4d8ed68b-f2c5-2774-e160-a81362fb45b1,PeeWee,32.53
9abbafd7-ee76-4777-632c-2e68eea55155,05388de7-7184-2de1-fddf-b0d80842e250,Large,1.92
6c9c634d-bea1-408b-62ff-49834b6fe58d,05388de7-7184-2de1-fddf-b0d80842e250,Medium,14.59
17322acf-7d35-0746-54c8-c1f18a5113ba,05388de7-7184-2de1-fddf-b0d80842e250,PeeWee,5.2
6fe87fb4-c45e-cbb2-a423-9bcd7da8c08d,c026ae30-3318-c022-bf3a-b9bceccd7f55,Jumbo,8.29
3a2dcee4-cb9d-fe7f-cf4f-e3c9f54213b3,c026ae30-3318-c022-bf3a-b9bceccd7f55,Extra Large,27.49
f95765c5-0c2d-b578-eadd-9b34134821f1,c026ae30-3318-c022-bf3a-b9bceccd7f55,Large,8.38
969b16dd-cc41-3326-db1a-2981e5187f9a,c026ae30-3318-c022-bf3a-b9bceccd7f55,Medium,14.65
bed2568a-83f1-a8ae-3714-b4f9f773b23f,c026ae30-3318-c022-bf3a-b9bceccd7f55,Small,23.71
22e0b344-45c1-e9ac-370f-b9cad9bfe0bb,c026ae30-3318-c022-bf3a-b9bceccd7f55,PeeWee,9.97
67728b93-2673-cbb4-0328-9b5587a7cf08,e6544aa3-a636-00c3-9c7f-aa05c1c76d60,Jumbo,47.81
cda86898-887a-c4b4-836e-4784b24f4127,e6544aa3-a636-00c3-9c7f-aa05c1c76d60,Extra Large,28.32
6851016b-eabc-bb25-63c1-02aa6c5e48e9,e6544aa3-a636-00c3-9c7f-aa05c1c76d60,Large,12.01
8a42c211-24d4-22de-86cc-edb31ea2fc9c,e6544aa3-a636-00c3-9c7f-aa05c1c76d60,Medium,39.2
d1190433-c2ee-4908-1305-52fe0a4f276e,e6544aa3-a636-00c3-9c7f-aa05c1c76d60,Small,27.59
ae520bc2-32ad-0d39-732e-7da9179225fa,e6544aa3-a636-00c3-9c7f-aa05c1c76d60,PeeWee,36.57
2e878275-cdc2-85fe-1890-284fbc652393,3d8f0096-be7f-99a5-9da1-8c41ea7f2400,Jumbo,10.73
c0b65dd4-877b-a227-f1d5-68cdf02bff32,3d8f0096-be7f-99a5-9da1-8c41ea7f2400,Large,21.7
10ea6148-4d90-8dfa-355d-2ca35d853750,3d8f0096-be7f-99a5-9da1-8c41ea7f2400,Medium,16.22
742a6af2-2ae5-9315-1c50-d1d3d15e77d2,3d8f0096-be7f-99a5-9da1-8c41ea7f2400,Small,18.98
f937de5d-8c3f-1c91-830f-2943cfc88a47,3d8f0096-be7f-99a5-9da1-8c41ea7f2400,PeeWee,11.55
d325779f-b50b-446d-3757-f75102d40c0f,662f0ac0-2667-0894-b4a9-9f8e83f2c29e,Jumbo,2.24
68f478a5-65f3-a366-f0a6-bdf6968e6cdd,662f0ac0-2667-0894-b4a9-9f8e83f2c29e,Extra Large,23.97
da170393-1815-16b8-1aa2-084416539530,662f0ac0-2667-0894-b4a9-9f8e83f2c29e,Large,8.07
6f45978f-5b92-7898-5bed-e5f8c20a3047,662f0ac0-2667-0894-b4a9-9f8e83f2c29e,Medium,22.21
7cc49ac5-9d6c-0e90-a723-dc7693ecc50b,662f0ac0-2667-0894-b4a9-9f8e83f2c29e,Small,23.47
78249b53-7a47-b74d-b4b9-7768a134646a,662f0ac0-2667-0894-b4a9-9f8e83f2c29e,PeeWee,22.97
7bf9b413-83a6-ac04-7963-929ee4216ab6,136da868-6479-1ce9-c08c-d541b02877c8,Jumbo,7.62
380eb81c-5f78-20a9-fed0-bbda1f446896,136da868-6479-1ce9-c08c-d541b02877c8,Extra Large,11.19
4a48a864-95f3-71af-11b9-c76733328c5f,136da868-6479-1ce9-c08c-d541b02877c8,Large,5.08
8e5043d3-8e43-6850-3394-444ec242da1e,136da868-6479-1ce9-c08c-d541b02877c8,Medium,16.3
6708a4c2-6a07-0f62-052c-dea08bd42519,136da868-6479-1ce9-c08c-d541b02877c8,Small,20.08
592483a6-6386-18f5-ce05-50002faf91d7,136da868-6479-1ce9-c08c-d541b02877c8,PeeWee,10.48
ff3d3819-2f92-01d8-17d8-48fe0779d1b5,a08a2d88-0a8b-7d3f-eea9-2d3449987b74,Jumbo,26.46
fe44b8bc-c1ce-6654-677f-b41ec6a83705,a08a2d88-0a8b-7d3f-eea9-2d3449987b74,Extra Large,53.7
1f5fc4ff-a608-189d-1f08-c36d8264418f,756e7f83-3883-1cc7-d8a5-a8709f2cdde1,Medium,11.19
aecdc7e7-4255-8769-7213-fb047f75b470,756e7f83-3883-1cc7-d8a5-a8709f2cdde1,Small,6.77
62e99adc-9049-4a04-4acf-be8d024c957f,756e7f83-3883-1cc7-d8a5-a8709f2cdde1,PeeWee,5.25
5c1659b9-68b1-fc5d-c6b8-7217a58bcdab,506d867e-3e53-5110-4ca7-256c26d8c268,Jumbo,9.68
9f7ea574-aba8-e6e8-56bc-1e6366682f3c,506d867e-3e53-5110-4ca7-256c26d8c268,Extra Large,13.3
475a1cfc-3274-b0fb-744c-a89c04e6ed63,506d867e-3e53-5110-4ca7-256c26d8c268,Medium,16.68
2d24d39b-d772-630c-9619-3bc917597bad,506d867e-3e53-5110-4ca7-256c26d8c268,Small,11.76
881e028a-209d-56bc-b2b1-eeee8474ece3,06eb043b-30ba-99ad-d4c1-eaad1a760a18,Jumbo,44.49
3a4ac7fa-0b8e-6456-0801-2da7afe73281,06eb043b-30ba-99ad-d4c1-eaad1a760a18,Large,37.71
6fab661a-f114-9c91-099a-a558c56877b5,06eb043b-30ba-99ad-d4c1-eaad1a760a18,Medium,17.65
cfff5351-1da2-844f-9807-85a00e30388f,06eb043b-30ba-99ad-d4c1-eaad1a760a18,Small,41.91
acb63887-8b32-7edb-e8f0-2fa391bb4cf1,6db9dce6-a7da-29cc-a837-9c8abc9ac354,Jumbo,31.48
aae048ee-5118-8b7f-a2b7-c1189af7d980,6db9dce6-a7da-29cc-a837-9c8abc9ac354,Extra Large,14.42
a254ca24-4409-27b3-7741-4b6667a445d8,6db9dce6-a7da-29cc-a837-9c8abc9ac354,Large,5.88
b19342e4-4c3c-3e2c-50d4-06b6315d3777,6db9dce6-a7da-29cc-a837-9c8abc9ac354,Small,34.25
2cedc7da-3f4c-f4d1-2e9d-4c3e8fbc43b4,6db9dce6-a7da-29cc-a837-9c8abc9ac354,PeeWee,19.98
b4d1c70a-9c66-f7aa-08fb-385dbb0d3642,1eef545b-d8f8-b8a7-4d18-69a8ede3cb2c,Extra Large,7.27
5d819256-7cbd-e95a-f299-4507b7f863cf,1eef545b-d8f8-b8a7-4d18-69a8ede3cb2c,Medium,19.63
39c01b67-226f-0e33-ff57-50135bde7984,998baf21-94a6-2381-abda-7354c9993ead,Jumbo,11.57
611e7eb4-1cf1-33ec-c439-4a33d9abe1df,998baf21-94a6-2381-abda-7354c9993ead,Extra Large,37.95
6bffc306-c5b4-69a8-e0d8-fcfcec01bd32,998baf21-94a6-2381-abda-7354c9993ead,Medium,15.35
edd37727-6d0f-e0fc-be7e-19022f6e625f,998baf21-94a6-2381-abda-7354c9993ead,Small,54.6
567ce11d-4b43-55b5-57b9-050f06841cee,db1ed5d6-62f8-9a91-f1c6-b43322264348,Extra Large,18.15
14b7cfad-b23d-ff47-859a-6f17465a52ec,db1ed5d6-62f8-9a91-f1c6-b43322264348,Large,9.8
fbc258e3-2529-7590-5aed-ba0c3a463e4a,db1ed5d6-62f8-9a91-f1c6-b43322264348,PeeWee,12.99
12c8c065-f3d1-4d84-f744-1c34398897c2,195f9757-6a7f-2f90-3ed0-6753ebee7b4b,Jumbo,4.63
c3fdcde1-5fec-e91a-2fbe-3afe447b558c,195f9757-6a7f-2f90-3ed0-6753ebee7b4b,Extra Large,5.49
bb7ac052-f1fd-7fb2-42ac-3b09f55d5c8e,195f9757-6a7f-2f90-3ed0-6753ebee7b4b,Medium,3.88
80db362f-9478-9758-7b07-03c2396526a5,195f9757-6a7f-2f90-3ed0-6753ebee7b4b,Small,7.49
7f06d8e3-dd14-afd5-9fb2-fabad6bb0e61,195f9757-6a7f-2f90-3ed0-6753ebee7b4b,PeeWee,10.02
9416b5df-88cb-382a-6bc2-b47af8dfc7a6,48fbd08a-a636-d9d9-fcc8-4773eefd9522,Jumbo,23.56
e9cfd305-56d1-ad41-8597-18708ea9306b,48fbd08a-a636-d9d9-fcc8-4773eefd9522,Extra Large,18.59
0d5a1489-c053-c1be-3213-bde9c662ae49,48fbd08a-a636-d9d9-fcc8-4773eefd9522,Large,60.77
d27d83f3-c30f-8cfb-919a-205fde9382ea,48fbd08a-a636-d9d9-fcc8-4773eefd9522,Medium,10.31
0d1ea555-428a-75a3-e069-69993a6e4297,48fbd08a-a636-d9d9-fcc8-4773eefd9522,Small,42.93
ebc037c7-b099-63f4-df03-1f4a0102e2a3,48fbd08a-a636-d9d9-fcc8-4773eefd9522,PeeWee,5.56
e65c5751-1b53-0fa5-d3dd-dfc165891859,43447800-867b-4802-9221-2f30e674186a,Jumbo,27.55
0f882e05-8b6d-38a5-4763-7a7645a31abb,43447800-867b-4802-9221-2f30e674186a,Large,20.8
7e30166a-7c08-78a9-bdb0-ddad9f037542,43447800-867b-4802-9221-2f30e674186a,Small,8.85
38066e50-fce1-4317-ab68-4aa1145891f2,ecdcc589-f7cf-970e-734f-3279db6213dd,Jumbo,24.01
8703a159-ef65-2b0c-a21a-2fc2a9377476,ecdcc589-f7cf-970e-734f-3279db6213dd,Extra Large,30.65
bdd997f1-8d96-25f0-12a8-797c76abac61,ecdcc589-f7cf-970e-734f-3279db6213dd,Large,15.01
a721d820-b3d8-98a2-2f3a-cd9f8d9b63fe,ecdcc589-f7cf-970e-734f-3279db6213dd,Small,26.88
1e972279-6f9e-2b78-a863-e6fcdc388634,ecdcc589-f7cf-970e-734f-3279db6213dd,PeeWee,8.84
dba5ec20-dfc7-5699-8c13-35c68779dcf1,196d1ab5-923d-38e7-4857-023d6cac758d,Jumbo,4.18
d1160365-5493-dc2c-27bf-c19a3333edcc,196d1ab5-923d-38e7-4857-023d6cac758d,Extra Large,6.24
04c16db7-2416-5849-cba0-b5edb0a2ccbd,196d1ab5-923d-38e7-4857-023d6cac758d,Large,10.54
ae50322a-3501-95c5-3107-6b69bcaa5d55,196d1ab5-923d-38e7-4857-023d6cac758d,Medium,12.72
872bfcca-673b-86ae-5fe8-0e225f49de27,196d1ab5-923d-38e7-4857-023d6cac758d,Small,3.5
5b08dec3-eef2-109f-1bd8-ce6c4349691a,9a33597d-c92e-07e0-8a68-84d6570e08db,Extra Large,44.89
d420c0bd-abf3-2970-4ab4-a7a7ea46a184,9a33597d-c92e-07e0-8a68-84d6570e08db,Large,33.22
d7524e4e-c1ee-d883-a06c-3938723d78f2,9a33597d-c92e-07e0-8a68-84d6570e08db,Medium,16.83
e775747b-6dba-7e58-d6ee-1e31b608e1df,9a33597d-c92e-07e0-8a68-84d6570e08db,Small,24.54
13750bf7-95e6-e469-b46b-ada19c3ff3a3,9a33597d-c92e-07e0-8a68-84d6570e08db,PeeWee,41.0
d554fbf2-8ea2-6135-c2b9-82e5693cb683,c851a1b5-59f8-54f7-95da-ed2e2577555f,Jumbo,33.25
0a5fbb64-5477-a093-d3c2-911418dc1cf9,c851a1b5-59f8-54f7-95da-ed2e2577555f,Extra Large,22.77
84412991-9658-debf-8b1e-9319bf775607,c851a1b5-59f8-54f7-95da-ed2e2577555f,Large,25.11
9c48541b-6029-a970-e493-472b93afc92a,c851a1b5-59f8-54f7-95da-ed2e2577555f,Medium,15.28
55ea04aa-c58c-daf0-06c0-f07b6b0427d8,c851a1b5-59f8-54f7-95da-ed2e2577555f,Small,39.84
a2dd9c58-9d1e-0b25-face-efea047e3481,c851a1b5-59f8-54f7-95da-ed2e2577555f,PeeWee,17.05
cd54ea6d-8996-357a-e92d-27d7fd4f1f17,2f0dcf09-fb53-5d13-76a5-829e49504884,Jumbo,19.32
8b95c77e-d362-b427-8391-0bf549d00ef0,2f0dcf09-fb53-5d13-76a5-829e49504884,Extra Large,6.16
92e81cd4-02c3-42b9-a225-46e0388846f3,2f0dcf09-fb53-5d13-76a5-829e49504884,Large,20.69
c4b94629-ef2f-2cfd-144a-2fe2f3ff0330,2f0dcf09-fb53-5d13-76a5-829e49504884,Medium,17.18
b53806c8-2313-b000-1fad-e7a86b684e4f,2f0dcf09-fb53-5d13-76a5-829e49504884,Small,25.34
62eddae3-c88f-6208-aeb3-3e2603b948c2,2f0dcf09-fb53-5d13-76a5-829e49504884,PeeWee,19.08
9eeed28d-669f-b4c7-1686-66d79d8d8a72,6ac8d16f-578f-d04f-a724-83c05a1a9e62,Jumbo,27.95
2c936a6e-4c12-15be-d9ff-8e2936be69dc,6ac8d16f-578f-d04f-a724-83c05a1a9e62,Extra Large,8.73
452e291b-7cfa-e4a5-a9ef-7a7904df4fee,6ac8d16f-578f-d04f-a724-83c05a1a9e62,Large,12.11
01201e30-071f-0cb0-6161-13938ea224ed,6ac8d16f-578f-d04f-a724-83c05a1a9e62,Medium,28.9
40f8b6d5-844d-8a31-9187-f2bb56605fd2,6ac8d16f-578f-d04f-a724-83c05a1a9e62,Small,28.08
d7d39b9c-7823-ad90-950f-d94dd6fc5699,00421d4c-6d7f-e83a-0635-ff21cc36275a,Jumbo,30.18
46647f30-62f7-897f-fd8d-8de77fbeade2,00421d4c-6d7f-e83a-0635-ff21cc36275a,Extra Large,8.53
172481ae-7108-5ac6-62aa-e7758d85571f,252b6f68-1340-c871-934b-81aaed543e93,Jumbo,22.32
8d0300bf-fe3f-cf0b-f35a-6dc700d66b87,252b6f68-1340-c871-934b-81aaed543e93,Extra Large,4.0
11d69a55-ad62-c3b3-56f9-4f44d2c6440b,252b6f68-1340-c871-934b-81aaed543e93,Medium,4.47
78a7a315-0079-37a0-9e30-302407479966,252b6f68-1340-c871-934b-81aaed543e93,Small,20.07
bfa859a2-70a4-6c37-d2b0-29f21d23c59b,6eaccc81-e0d5-ad59-96dc-7df912881fbc,Jumbo,20.88
2ab9e197-ce7e-5713-e863-5c28c8894bca,6eaccc81-e0d5-ad59-96dc-7df912881fbc,Extra Large,40.43
566a67c7-ab68-cdb6-e784-fdaea8241300,6eaccc81-e0d5-ad59-96dc-7df912881fbc,Small,45.12
356300bf-cf45-381c-8b53-8c51d1a4a5a5,6eaccc81-e0d5-ad59-96dc-7df912881fbc,PeeWee,52.55
39d4fa0d-ed67-bff5-0b27-0b0e851120d3,828aa81a-cf2d-9aae-0fc3-f046c866830b,Jumbo,7.45
95a9126b-75ff-a402-97a8-78ee5a5cce47,828aa81a-cf2d-9aae-0fc3-f046c866830b,Extra Large,25.25
6bcaaa0a-0042-431e-f0eb-7208360558c6,828aa81a-cf2d-9aae-0fc3-f046c866830b,Large,6.74
917c2419-bddb-0fb7-12df-175e8cfa7c01,828aa81a-cf2d-9aae-0fc3-f046c866830b,Medium,13.79
31d795a5-07eb-4936-d6bd-4a38006e1416,828aa81a-cf2d-9aae-0fc3-f046c866830b,Small,6.32
a85f6353-7b00-810e-9f20-4e7ec5b4e1fb,828aa81a-cf2d-9aae-0fc3-f046c866830b,PeeWee,15.75
f2e50e0b-e652-ea5d-7e2e-97d702048836,b871b3e9-8dc6-db99-3ce8-70d717aa6082,Jumbo,11.93
d00a724e-c802-9f4b-ca67-cac74b00f882,b871b3e9-8dc6-db99-3ce8-70d717aa6082,Medium,10.72
894d07d7-5000-aabe-5c1d-087969a35d8f,b871b3e9-8dc6-db99-3ce8-70d717aa6082,Small,4.51
ceae0dde-07c8-c9fc-11ac-29b60cc6a731,b871b3e9-8dc6-db99-3ce8-70d717aa6082,PeeWee,10.77
f3b1ded7-5c6f-b148-eb9b-12b17dac401c,a8caaee8-317d-5555-8da3-b4796cbcc287,Jumbo,45.71
89feb930-1088-1c7e-ee83-155d397ab894,a8caaee8-317d-5555-8da3-b4796cbcc287,Large,33.64
5e42e277-3ccd-21e6-e62e-f23f2951a540,a8caaee8-317d-5555-8da3-b4796cbcc287,Medium,26.01
b6dde0fe-2aa3-1d07-ca32-e4b47b76e353,a8caaee8-317d-5555-8da3-b4796cbcc287,Small,46.55
a3fe6f06-e116-69e1-e832-e465b4c279aa,a8caaee8-317d-5555-8da3-b4796cbcc287,PeeWee,27.45
8b9fdb07-f86e-845d-d3b6-2bc9fbde5945,6e7ba8cd-878f-18fa-5cc9-d7c365e88d69,Jumbo,24.57
9069a1b0-393b-6b58-84ed-9b6615bf5872,6e7ba8cd-878f-18fa-5cc9-d7c365e88d69,Extra Large,4.27
e1114b53-1a15-31d6-af7a-5c44fe87d73e,6e7ba8cd-878f-18fa-5cc9-d7c365e88d69,Medium,17.85
97f33299-288f-2b38-d0d9-b98d9d181110,6e7ba8cd-878f-18fa-5cc9-d7c365e88d69,Small,28.43
a5028f02-db4a-060f-c397-10323917c6c2,6e7ba8cd-878f-18fa-5cc9-d7c365e88d69,PeeWee,5.95
42782a33-73c7-0a55-ec0e-96ae451b91a0,b0560e52-142d-eef1-1348-0db459cac2a8,Jumbo,34.84
dae6af4e-ad97-96e0-3d58-eb7b9ed96059,b0560e52-142d-eef1-1348-0db459cac2a8,Extra Large,50.52
130f639c-b3d7-e604-6162-1fdf50548a44,b0560e52-142d-eef1-1348-0db459cac2a8,Large,14.35
33eef3a3-5ff2-35d4-07b0-010d329d41db,b0560e52-142d-eef1-1348-0db459cac2a8,Medium,47.24
26cc3205-631d-d5aa-93c9-6cb580bfee1c,a8f8ed3d-bd66-760f-9ca2-0a6fd9d3992c,Jumbo,30.04
9ece4d61-05e1-8b44-b1a1-56b5a6af25d7,a8f8ed3d-bd66-760f-9ca2-0a6fd9d3992c,Extra Large,36.44
2b6b2179-b01c-bb58-cda3-d09855cb08e6,a8f8ed3d-bd66-760f-9ca2-0a6fd9d3992c,Large,20.74
1cb4713b-da00-c1c8-89ed-0547bd1fbbd2,a8f8ed3d-bd66-760f-9ca2-0a6fd9d3992c,Medium,7.19
41fd6ac7-b8eb-4dac-b0af-c0482f4cb792,a8f8ed3d-bd66-760f-9ca2-0a6fd9d3992c,Small,8.18
9052685e-b61a-99b2-b39e-db7ebfb12b4c,1519f581-9c5a-04c9-db97-2e37a0305645,Jumbo,43.5
6e350f1a-dfaa-3e9f-1741-f2993bfd416c,1519f581-9c5a-04c9-db97-2e37a0305645,Extra Large,35.21
a1905bb3-cce7-8b63-9dd4-4dab0d1ec7f3,1519f581-9c5a-04c9-db97-2e37a0305645,Large,34.09
a9f2c337-4065-deb2-02f4-4481de4ff899,1519f581-9c5a-04c9-db97-2e37a0305645,Medium,24.93
1c4d0d64-810f-edfa-1a2b-471d58b6a1a4,1519f581-9c5a-04c9-db97-2e37a0305645,Small,47.85
13987701-dcfd-5478-3601-4e1c3a25b786,1519f581-9c5a-04c9-db97-2e37a0305645,PeeWee,28.51
91b7c742-aef0-9bc4-6c0b-67dda2265de3,2581c8cd-558a-e380-8de5-0a5b3e7c7c94,Jumbo,33.16
87c9efc1-da90-40af-2d13-4ac30289b98e,2581c8cd-558a-e380-8de5-0a5b3e7c7c94,Large,39.24
e9cfe1a7-0c50-40a3-da83-3d98b0e17d9d,2581c8cd-558a-e380-8de5-0a5b3e7c7c94,Medium,10.41
5e7593f4-3aa9-516d-2d1a-1cb79e4829d5,2581c8cd-558a-e380-8de5-0a5b3e7c7c94,Small,17.83
d240c72d-bb82-e719-f00d-37ed48fe828e,2581c8cd-558a-e380-8de5-0a5b3e7c7c94,PeeWee,38.47
0fb6e98f-6f67-f242-4ca9-6c4f77461ddb,797c5aa0-5a00-9d52-c8ab-c6403208b902,Extra Large,1.97
9ab48635-18f8-7581-a40d-270ad22733f7,797c5aa0-5a00-9d52-c8ab-c6403208b902,Medium,12.72
04598a01-5ad2-5d3f-1601-73aa505af5f4,797c5aa0-5a00-9d52-c8ab-c6403208b902,Small,12.11
2e2a1794-8a0a-05d4-4df2-42e26873fb51,797c5aa0-5a00-9d52-c8ab-c6403208b902,PeeWee,8.98
47f5eecc-7f74-846e-aa2b-e45ee8bd7280,31a4cb1a-5248-37f5-247c-78515126008f,Jumbo,10.26
c9b92dc3-ad4a-d2e1-ac6d-05c1982e976a,31a4cb1a-5248-37f5-247c-78515126008f,Large,29.91
b3f27cb0-a8e5-4fb0-98c8-20d60f8713cd,31a4cb1a-5248-37f5-247c-78515126008f,Small,11.92
5bf11eda-f95f-7926-a587-55d1fb0e0174,31a4cb1a-5248-37f5-247c-78515126008f,PeeWee,7.38
8347f3d4-317b-7bdb-9c8d-ddfe64c83a37,45112d15-d72d-f609-934a-71fd4168d57e,Jumbo,18.34
4cf203a3-93c1-2b09-9fca-e3566174bf65,45112d15-d72d-f609-934a-71fd4168d57e,Extra Large,2.35
b0c8a272-9f32-6fb5-1428-c5b90f1ea089,45112d15-d72d-f609-934a-71fd4168d57e,Large,25.39
39a48e19-531d-be8c-dd2c-c4c91bb26253,45112d15-d72d-f609-934a-71fd4168d57e,Medium,26.78
4e34a644-8eb1-b9ef-e2be-d76daa6ba5e6,45112d15-d72d-f609-934a-71fd4168d57e,Small,30.12
9c840fb5-3726-9bc4-0d99-14180f6eb2c8,bd370054-6445-58a7-2196-646aab6c501f,Jumbo,16.79
6731e8c9-f46f-7632-a265-381d450fb4dd,bd370054-6445-58a7-2196-646aab6c501f,Extra Large,19.74
b6857a50-0726-d41d-8ac8-bb02b50704e1,bd370054-6445-58a7-2196-646aab6c501f,Large,24.17
6df67a27-1363-1482-f5eb-026f83f2eb95,bd370054-6445-58a7-2196-646aab6c501f,PeeWee,21.45
4e1438a9-6dc3-8f95-2c01-ae991ded32bf,aa94d541-a583-fe7b-e668-e117d8cd9a2a,Jumbo,9.25
c5e12503-1df2-fc85-8015-a3d9bea3736c,aa94d541-a583-fe7b-e668-e117d8cd9a2a,Large,19.26
dfd9c324-d8a5-6b43-9262-330dd6334069,aa94d541-a583-fe7b-e668-e117d8cd9a2a,Medium,14.53
8586c426-46bc-2e07-8e55-edb0faf3b443,aa94d541-a583-fe7b-e668-e117d8cd9a2a,Small,12.82
af2c8969-3a52-72bc-fe3e-80d106f75fdc,366e3291-d9d1-6a52-e3c7-99e5358475d4,Jumbo,15.08
992815db-6f1e-3bae-b08d-959fb4b0c13f,366e3291-d9d1-6a52-e3c7-99e5358475d4,Large,17.59
98d99790-85ff-4654-8009-461bbb88d65d,366e3291-d9d1-6a52-e3c7-99e5358475d4,Medium,25.35
2703ab8f-62d0-1eba-3c55-04e3cbb50c44,366e3291-d9d1-6a52-e3c7-99e5358475d4,Small,11.55
e3908ccf-80bf-783c-d6ff-e1985f4972ba,366e3291-d9d1-6a52-e3c7-99e5358475d4,PeeWee,26.22
3ff48762-044e-55c9-ac6c-25667c230575,a7bd4b67-262e-0859-896c-45111e7d06f8,Extra Large,15.7
a14657ce-591d-7834-5562-e9ca5d449c36,a7bd4b67-262e-0859-896c-45111e7d06f8,Large,14.56
c34930d7-456f-5bb9-3916-126cca928c93,a7bd4b67-262e-0859-896c-45111e7d06f8,Small,25.57
eb929d5c-c4bc-0dc7-af44-62e601d8ea41,a7bd4b67-262e-0859-896c-45111e7d06f8,PeeWee,43.47
aa81c4c6-854d-522f-b39f-32e9d209c23e,9be14de3-17d6-eeb4-f037-b123b1271b96,Jumbo,3.52
04acc318-e11a-b23a-2ba1-42038626201f,9be14de3-17d6-eeb4-f037-b123b1271b96,Extra Large,38.25
04cd57cc-5c42-affb-5975-1177bec366a0,9be14de3-17d6-eeb4-f037-b123b1271b96,Large,11.96
51f16f52-8311-9d3f-71ca-7eed2f0d1e9b,9be14de3-17d6-eeb4-f037-b123b1271b96,Medium,17.56
76e36733-11b6-9d5d-1afe-ff480a2a39d7,9be14de3-17d6-eeb4-f037-b123b1271b96,Small,15.95
af98fef8-3bc8-5ce0-b10c-de53c424e758,9be14de3-17d6-eeb4-f037-b123b1271b96,PeeWee,6.29
72a2c1df-d3ba-adcd-ace5-8fe3cb41730b,d22c6f70-0439-7420-e652-820902f9c977,Jumbo,25.07
cf44f9a1-7601-2d8a-2f38-8294be5ef46b,d22c6f70-0439-7420-e652-820902f9c977,Medium,19.82
9ff5bb8d-c64e-676b-761b-c2d014633aa1,d22c6f70-0439-7420-e652-820902f9c977,Small,19.72
5bd91aaa-3809-a9e5-8a5b-21978f3c54e4,d22c6f70-0439-7420-e652-820902f9c977,PeeWee,42.81
d494a34d-6498-abbd-9376-2a7a3231eae0,65ec8783-243b-e2e7-4477-7a775a586835,Extra Large,18.97
735199a9-2bd3-df02-654d-7cd4591d343b,65ec8783-243b-e2e7-4477-7a775a586835,Small,30.76
5175be66-5f10-6d76-8230-dc0d9a666e1a,65ec8783-243b-e2e7-4477-7a775a586835,PeeWee,30.75
2a49530b-a882-28b1-4e09-8df258e85f67,4f666d21-a93e-1ada-e82b-d51ae0c63f1c,Jumbo,29.64
8df088d5-aa4c-5314-207b-cc4493b1fd1d,4f666d21-a93e-1ada-e82b-d51ae0c63f1c,Extra Large,24.13
db2ea706-cc5c-2e2c-6b88-c63c1087409a,4f666d21-a93e-1ada-e82b-d51ae0c63f1c,Small,45.13
29ea7012-1389-0b70-7ef4-0f20618c4b60,749a5d58-56a5-cf5f-d228-bb4dad7e3a70,Jumbo,36.28
544378ea-c03b-8db8-dc29-22f2983d30eb,749a5d58-56a5-cf5f-d228-bb4dad7e3a70,Extra Large,10.56
b7bb0685-b9ee-61ab-459c-f30dfe9f6465,749a5d58-56a5-cf5f-d228-bb4dad7e3a70,Medium,34.22
89e88f38-70cb-f61a-8334-ed20e43718df,749a5d58-56a5-cf5f-d228-bb4dad7e3a70,Small,14.64
c91ab050-9bdd-ef25-d98b-bfdd9613492b,749a5d58-56a5-cf5f-d228-bb4dad7e3a70,PeeWee,83.1
bba781ec-ae6a-e9e9-7f03-e470477464ea,9073a242-eb74-c3f0-c1ea-e68fba999416,Jumbo,27.37
0cb9d5fb-a9b3-834a-a093-1788e69e3e2c,9073a242-eb74-c3f0-c1ea-e68fba999416,Extra Large,18.4
cfa71f8a-66e0-1447-46c1-d97e872fb85d,9073a242-eb74-c3f0-c1ea-e68fba999416,Medium,10.58
c47d01ac-07fa-ec23-d3f7-04159ae350d6,9073a242-eb74-c3f0-c1ea-e68fba999416,PeeWee,17.02
9c14c2e3-9739-9d98-089b-9420f02510d7,6db2ec67-e33f-2feb-b2e1-73822a2389da,Jumbo,19.54
7bb1a034-a20c-4369-926a-f747815a93d6,6db2ec67-e33f-2feb-b2e1-73822a2389da,Extra Large,40.32
528d7083-686e-da36-deca-a1d93237936e,6db2ec67-e33f-2feb-b2e1-73822a2389da,Large,40.4
f3c85df7-a5b7-6859-d0d7-d33b2f6d96ba,6db2ec67-e33f-2feb-b2e1-73822a2389da,Medium,32.87
9e8e2fae-6abe-b6cf-8701-29ae99c82059,6db2ec67-e33f-2feb-b2e1-73822a2389da,Small,25.25
5f32a6a4-cd67-3db5-cec0-cad58bf148fc,6db2ec67-e33f-2feb-b2e1-73822a2389da,PeeWee,32.26
a07c70b4-9601-d664-b882-06c274696d54,e7ae023f-4315-7d3c-117e-5c84830ffd60,Jumbo,10.65
6843318e-3125-4b93-16a2-80fb25e8f97e,e7ae023f-4315-7d3c-117e-5c84830ffd60,Large,9.62
84521e07-2046-f008-6515-5b6e506b1225,e7ae023f-4315-7d3c-117e-5c84830ffd60,Medium,1.85
84575326-8f1d-30f0-cfe4-256123cd6964,e7ae023f-4315-7d3c-117e-5c84830ffd60,Small,5.29
0e0b1e2e-2816-ae2f-869b-329e13789b32,e7ae023f-4315-7d3c-117e-5c84830ffd60,PeeWee,11.59
b30028c3-334d-1b03-a31e-6d1d118042aa,97bde92b-1d86-6510-50f0-006bcafacdde,Jumbo,8.04
4a510695-87c5-db3c-6be2-2671e30be3f0,97bde92b-1d86-6510-50f0-006bcafacdde,Large,14.98
eed2e52c-5fc8-e209-9b4c-e6d282ea9724,97bde92b-1d86-6510-50f0-006bcafacdde,Medium,56.71
3769a30d-24f9-5a7b-ed11-922cb79a0352,e5f36ddd-5ce8-dee9-79f5-47ff6ffc7d61,Extra Large,25.94
63fc872c-d444-f193-60a0-ba904b41d496,e5f36ddd-5ce8-dee9-79f5-47ff6ffc7d61,Large,36.08
bd67c1f7-a137-9e39-f852-3931cc66bbb3,e5f36ddd-5ce8-dee9-79f5-47ff6ffc7d61,Medium,37.7
4f5706ff-8ac3-e563-d952-a47f1d6f6466,9c8a7ed2-9c92-d2fe-8627-d118a4539221,Jumbo,8.6
cabe99eb-0aa8-55b9-0a5f-c13fc18217cc,9c8a7ed2-9c92-d2fe-8627-d118a4539221,Extra Large,1.96
9f42567b-dba2-5189-b7a7-0ea3e782bcf3,9c8a7ed2-9c92-d2fe-8627-d118a4539221,Large,11.33
eabcb4bc-5bad-0513-0819-39e665e6d621,9c8a7ed2-9c92-d2fe-8627-d118a4539221,Small,1.55
fbff696a-75ea-f7de-c72f-59b070ba8f67,9c8a7ed2-9c92-d2fe-8627-d118a4539221,PeeWee,6.68
c8dd7a02-03bc-2076-037f-9c4feffb8db0,8a5b19be-8f12-65b1-61b2-af2ebe0fd2e2,Jumbo,10.42
46ece04d-5ae8-765e-6f9a-2ece74edb0b4,8a5b19be-8f12-65b1-61b2-af2ebe0fd2e2,Extra Large,5.34
7996805a-c104-3f78-6b7d-5296ff5cfe24,8a5b19be-8f12-65b1-61b2-af2ebe0fd2e2,Small,40.66
c9ed4960-b21a-3b10-2b09-cc84259a0935,8a5b19be-8f12-65b1-61b2-af2ebe0fd2e2,PeeWee,5.5
bd623ebb-66f6-fc4e-666d-54adad54e52b,0e01f535-d213-7b83-e52d-752a1318aa7e,Extra Large,43.75
81a6ceaa-bafa-3db2-205d-703867a171e7,0e01f535-d213-7b83-e52d-752a1318aa7e,Large,20.64
9cb7c00f-8a20-1d8f-3c61-a1dd10114b18,0e01f535-d213-7b83-e52d-752a1318aa7e,Medium,22.61
c44d3371-97dc-a9e0-fafe-a4eeead393c1,2e8d3996-e622-6558-3d69-1792bd732ad3,Extra Large,24.41
00ff0973-7daa-697a-4aa0-58e544bf9ce7,2e8d3996-e622-6558-3d69-1792bd732ad3,Large,71.29
3c36755b-2832-6d84-e94a-293c382f4cd8,2e8d3996-e622-6558-3d69-1792bd732ad3,Medium,11.15
2243d1d8-f6a1-c5bc-2292-12685abcceb2,2e8d3996-e622-6558-3d69-1792bd732ad3,Small,27.15
c37a4c62-4783-721f-7f34-6419d069eada,2e8d3996-e622-6558-3d69-1792bd732ad3,PeeWee,8.0
bfb8b182-a21b-7fd1-dffd-d7a0a8084085,640f2a8b-2551-636d-5669-9ca0c5b08025,Jumbo,19.04
462fa2a3-b850-a6db-dd82-55c4b5e2005c,640f2a8b-2551-636d-5669-9ca0c5b08025,Large,25.11
11a479d9-56f6-e316-f7ee-2f7105391619,640f2a8b-2551-636d-5669-9ca0c5b08025,Medium,11.93
a294229c-f3b2-f47b-9345-1f762799411b,640f2a8b-2551-636d-5669-9ca0c5b08025,PeeWee,24.2
8359899a-6175-1b15-3bca-2160dad7752e,9792c12c-66e9-2e54-591a-56898e4fe2e9,Jumbo,10.92
14567ba5-9925-2cf9-89e5-a2ccb9bbef65,9792c12c-66e9-2e54-591a-56898e4fe2e9,Large,20.33
94b1f8f1-7dcc-f342-afcf-d073303f4d13,9792c12c-66e9-2e54-591a-56898e4fe2e9,Medium,15.09
58d526d6-e473-a3fe-8112-6b381cd57f67,9792c12c-66e9-2e54-591a-56898e4fe2e9,Small,5.0
e96fb29d-755a-a4e5-9dff-60069ed2113c,cbaa3439-c9ca-d6ae-9590-93e6c173f4ad,Extra Large,37.89
7e8e10c2-806d-731d-1db0-ab91a39ffe95,cbaa3439-c9ca-d6ae-9590-93e6c173f4ad,PeeWee,33.16
490b0b25-ed3e-3399-eb47-ea84ea941213,49db3563-d5dd-a1ef-2741-2733f24f02e4,Jumbo,45.05
06f26268-6d4b-b89d-7ff0-a21515f01ba0,49db3563-d5dd-a1ef-2741-2733f24f02e4,Large,53.72
226420c8-1ed9-7b23-fb8f-3fecc0141030,49db3563-d5dd-a1ef-2741-2733f24f02e4,Medium,31.29
4609393d-43dd-0886-e59a-715cc7e45ae6,49db3563-d5dd-a1ef-2741-2733f24f02e4,PeeWee,22.73
a79216dc-3789-7dba-25f0-6302b5b4ba0b,9aaac6d4-cb8e-4f52-6d47-627a8dd05ab6,Jumbo,6.01
a261c29d-aeeb-cd1f-603f-20aa26ac539e,9aaac6d4-cb8e-4f52-6d47-627a8dd05ab6,Extra Large,8.15
c493e202-804b-0f6e-2c71-20c1787273bf,9aaac6d4-cb8e-4f52-6d47-627a8dd05ab6,Large,5.29
9e2e8f24-f3ba-e445-5243-acefb5deff87,9aaac6d4-cb8e-4f52-6d47-627a8dd05ab6,Small,4.07
b1cc2b61-26bc-e091-4fd4-c7f047f250a2,9aaac6d4-cb8e-4f52-6d47-627a8dd05ab6,PeeWee,13.45
74726e59-0d42-b084-02ce-df916726f7fc,cdd205c0-7b2d-b56e-7c56-f2e814542ba4,Jumbo,21.02
832a3a24-5217-ed26-df7c-a9f6965f6b62,cdd205c0-7b2d-b56e-7c56-f2e814542ba4,Extra Large,16.22
87e79613-faaf-48cf-bd45-e5d07cee916a,cdd205c0-7b2d-b56e-7c56-f2e814542ba4,Large,2.51
8e76986a-09d9-da4a-72a6-29b68adbfd7a,cdd205c0-7b2d-b56e-7c56-f2e814542ba4,Medium,15.65
f8ac353f-21b9-e22e-c41e-87c43f4d8867,cdd205c0-7b2d-b56e-7c56-f2e814542ba4,Small,13.53
dde325a1-2979-4c0c-bc9e-6b9825ec34dd,cdd205c0-7b2d-b56e-7c56-f2e814542ba4,PeeWee,9.36
e576e777-87e0-443a-772b-227b2ec6f811,246d2260-aee4-518a-8961-64e0b4872f47,Jumbo,5.97
b51c3aed-fd2b-a97c-340c-59a4843605e1,246d2260-aee4-518a-8961-64e0b4872f47,Extra Large,12.9
d6322164-5a96-300b-6faf-87b7f96b9190,246d2260-aee4-518a-8961-64e0b4872f47,Large,3.74
c4e78656-f288-e302-9697-4d6351375391,246d2260-aee4-518a-8961-64e0b4872f47,Medium,1.45
26f392bc-634a-c760-3069-2cdbc0fdeb99,246d2260-aee4-518a-8961-64e0b4872f47,Small,11.46
f28aabe5-045b-1403-8845-86bdb81c820d,5e946a51-0ede-6389-e241-464725c3c103,Jumbo,8.72
0ca02d0e-d2bf-ea6f-110f-065e71a8fe7e,5e946a51-0ede-6389-e241-464725c3c103,Large,13.43
2e59e254-9a78-f90c-7974-bc3fdc734674,5e946a51-0ede-6389-e241-464725c3c103,Medium,6.06
a27ac348-ba60-00bd-10bc-f72789d8ebf9,5e946a51-0ede-6389-e241-464725c3c103,PeeWee,2.14
098b2f75-cbfe-46b0-7962-ee7a45f7aab9,0807f48a-51cc-8616-5ed9-8050b1aabcac,Extra Large,17.9
360020bb-19a3-6c63-59f1-0d13e3f22742,0807f48a-51cc-8616-5ed9-8050b1aabcac,Large,10.26
31505d78-aaaf-7eed-fa16-a5e1898408e3,0807f48a-51cc-8616-5ed9-8050b1aabcac,Small,28.6
af6cfaff-1d7d-2fd0-0678-b71cc26f29bb,91140700-f5c0-7a44-d7d9-2f6b1cf0f0dc,Jumbo,10.83
4317d785-1fe0-e98e-fbdb-e72574fa4174,91140700-f5c0-7a44-d7d9-2f6b1cf0f0dc,Extra Large,5.12
3479056f-6d29-2a41-37ba-0ef7f9616301,91140700-f5c0-7a44-d7d9-2f6b1cf0f0dc,Large,35.27
f2d8c442-0376-363f-9b04-c4d76a52d96d,91140700-f5c0-7a44-d7d9-2f6b1cf0f0dc,Medium,19.96
249363f9-17a9-252a-92da-ef66f3a9e5b3,91140700-f5c0-7a44-d7d9-2f6b1cf0f0dc,Small,37.52
15d860b5-d164-d6e7-a5bd-678bdf712a98,91140700-f5c0-7a44-d7d9-2f6b1cf0f0dc,PeeWee,48.94
1a92199a-1ec4-c96b-fae5-ebd7311bd9ab,dd311c43-6d2c-b154-6c80-b41379fc0780,Jumbo,7.07
1d4960f4-dcbe-7786-9e85-c61e08f06211,dd311c43-6d2c-b154-6c80-b41379fc0780,Extra Large,5.42
890609e6-2a3b-8229-7401-d741177d449e,dd311c43-6d2c-b154-6c80-b41379fc0780,Large,3.82
261a7c88-df9f-f7f1-714d-89b4f960ebc9,dd311c43-6d2c-b154-6c80-b41379fc0780,Medium,8.96
fddcae22-a450-3e8d-2de0-a10fd74e18f9,dd311c43-6d2c-b154-6c80-b41379fc0780,Small,5.84
df247a3e-891c-1b34-9214-e3d4d3bef599,dd311c43-6d2c-b154-6c80-b41379fc0780,PeeWee,7.32
b7658af3-9b2c-6994-e203-993ef338815c,c29cc877-5de7-df95-61e8-cafd7809144b,Jumbo,5.55
252fe716-d18e-1d64-8818-69c0ab986d01,c29cc877-5de7-df95-61e8-cafd7809144b,Large,41.48
61ff8949-76d7-64bf-0458-8557d8a19e69,c29cc877-5de7-df95-61e8-cafd7809144b,Medium,53.68
0e5173ba-f3e3-ab22-2dcb-bcb388d60bcc,c29cc877-5de7-df95-61e8-cafd7809144b,Small,12.43
92a26a03-3535-1d1c-3f37-045bf87ca48a,c29cc877-5de7-df95-61e8-cafd7809144b,PeeWee,54.96
491b6053-7d60-3e53-d6eb-6b23bc3ad59b,0b2ab167-2bc4-300a-aae8-99f1d0765f9a,Medium,19.47
8ee01bfd-868a-0fd9-01a7-182468991faf,0b2ab167-2bc4-300a-aae8-99f1d0765f9a,Small,41.63
0526324e-ff40-ba70-94f5-a7ad78f89d21,0b2ab167-2bc4-300a-aae8-99f1d0765f9a,PeeWee,34.36
4107ea46-fc40-f0c1-0f9e-f9d2a530bcfa,89c27cb5-21eb-e0da-52b4-00cb38ba9268,Jumbo,47.43
080b303d-1481-5d5e-b2ce-45d28968f3ab,89c27cb5-21eb-e0da-52b4-00cb38ba9268,Extra Large,44.0
a190426e-f5de-c506-cfd8-d69bb0c592ae,89c27cb5-21eb-e0da-52b4-00cb38ba9268,Large,32.1
bfa9abe0-c2cf-8b5d-a156-573463ddf298,89c27cb5-21eb-e0da-52b4-00cb38ba9268,Medium,38.26
5c5bd008-d299-26f3-d57f-761daf5190e2,89c27cb5-21eb-e0da-52b4-00cb38ba9268,Small,20.92
2b08fa34-cc91-709b-8fa3-aa67b7477b8c,89c27cb5-21eb-e0da-52b4-00cb38ba9268,PeeWee,12.7
42f9ba04-e322-c64f-0fb2-d4e37502b4b6,00da2929-00e9-0613-5129-58ae60002faa,Jumbo,26.58
c4485e0b-9513-9dcd-e001-f3443a049257,00da2929-00e9-0613-5129-58ae60002faa,Large,10.84
6bf226e0-3be6-256a-e160-734ac272fff1,00da2929-00e9-0613-5129-58ae60002faa,Medium,25.88
32157ff4-0f19-4ee9-999a-ec7f9c18bc14,e732b9c9-5f02-8690-7027-998656c48d22,Jumbo,22.66
472ce07c-8aea-0c31-faa1-109bdd330d5b,e732b9c9-5f02-8690-7027-998656c48d22,Extra Large,5.62
d5ae63fb-ac7d-6390-9ae7-a9d1abdf0afa,e732b9c9-5f02-8690-7027-998656c48d22,Large,29.42
c6b3c65a-01c9-22de-6d39-bf9651d0b529,e732b9c9-5f02-8690-7027-998656c48d22,Medium,12.8
a40ce8d7-198d-ecce-797b-8761c97460a0,e732b9c9-5f02-8690-7027-998656c48d22,Small,26.37
95cd5438-f04a-ae05-3efe-00250ba9f6bf,5f051fcc-f047-23a1-24c9-da94213a5849,Jumbo,30.08
a59e6462-6fb4-ce6b-c6be-2fe98172c28d,5f051fcc-f047-23a1-24c9-da94213a5849,Large,32.05
08a713cd-3cce-8a4f-3ee1-b8c5750691ca,5f051fcc-f047-23a1-24c9-da94213a5849,Medium,4.35
dfb4e466-5159-d4e4-2fb9-eabee044018a,5f051fcc-f047-23a1-24c9-da94213a5849,Small,8.23
f3a1e5dd-9925-045a-1833-0f5783154fd4,d2164895-fd34-1b87-398e-6a7c12ae9721,Jumbo,16.59
e8a917c7-8bf3-d1f8-79ab-4c2d62b9626a,d2164895-fd34-1b87-398e-6a7c12ae9721,Extra Large,47.8
ef38f053-6b9c-beea-26d7-a97f1ad91625,d2164895-fd34-1b87-398e-6a7c12ae9721,Large,13.45
614314c1-6c15-9b0c-84c1-08e7e27d24f6,d2164895-fd34-1b87-398e-6a7c12ae9721,Medium,51.19
edc1b9e2-2c5e-c5b9-a45e-4b43c9b141fb,d2164895-fd34-1b87-398e-6a7c12ae9721,Small,41.37
309cf16f-3ba8-cd99-bfcc-7b3375a2b118,5b34baae-4a78-f6a1-122a-66176971fef8,Jumbo,23.83
84881cd0-2cde-fb8f-552b-164bceeb1804,5b34baae-4a78-f6a1-122a-66176971fef8,Extra Large,23.44
bbc04c9a-07d4-10dc-0527-47967a1d6cd3,5b34baae-4a78-f6a1-122a-66176971fef8,Large,36.15
61a99d9a-20b8-2505-4b67-96f5fbb836d1,5b34baae-4a78-f6a1-122a-66176971fef8,Medium,38.14
08fac39f-f450-4025-1406-2390d6c12e37,e718d784-3c4a-c11f-c7f4-f2946ff75729,Extra Large,48.44
20d10cdb-bde8-95f4-fe41-054f316159cf,e718d784-3c4a-c11f-c7f4-f2946ff75729,Large,33.3
50226095-b593-3cba-6162-9d36862a2941,e718d784-3c4a-c11f-c7f4-f2946ff75729,Small,8.47
7e2c96af-129f-0601-4102-aba6a4acf198,e718d784-3c4a-c11f-c7f4-f2946ff75729,PeeWee,45.08
33501652-4a9c-692e-aa89-90b31cfb2228,81add1fc-1e9e-2d15-d52a-643faac26c64,Jumbo,6.4
46a7e47e-d376-0557-7a07-7aa3be5a1885,81add1fc-1e9e-2d15-d52a-643faac26c64,Large,32.9
4f0d2eb3-fb26-cb9b-eadd-15c5f874a1d0,81add1fc-1e9e-2d15-d52a-643faac26c64,Medium,17.52
76b2db94-1f01-fee9-57df-60463950cb44,81add1fc-1e9e-2d15-d52a-643faac26c64,PeeWee,36.29
325225e6-a60d-f04a-63ab-20485300522d,bbcf8295-51c5-8825-4230-d22eeb5bbf07,Large,31.29
43e23486-f6f5-466c-1be0-ae2953eb4eec,bbcf8295-51c5-8825-4230-d22eeb5bbf07,Medium,22.96
a18fb504-b35a-0aaa-22ed-3740b8e1a43c,bbcf8295-51c5-8825-4230-d22eeb5bbf07,PeeWee,31.5
9c3f1777-e38b-74fc-84d3-8ac83fc01f5a,aa30e41c-810b-f03b-ce6d-b37aaa3dd3c5,Jumbo,15.54
7166c631-184d-e05a-43e2-1f09187b1ba4,aa30e41c-810b-f03b-ce6d-b37aaa3dd3c5,Extra Large,16.4
c5b68d39-8c62-7a02-d7ad-3409a27e4554,aa30e41c-810b-f03b-ce6d-b37aaa3dd3c5,Medium,18.69
785bb649-ee9c-8087-8053-7228d83891d6,aa30e41c-810b-f03b-ce6d-b37aaa3dd3c5,Small,16.21
aef2b515-3b8f-12a4-13ee-f53578d82b43,aa30e41c-810b-f03b-ce6d-b37aaa3dd3c5,PeeWee,18.53
a61c269e-a8cd-4a32-4cd3-e3fe75e7c038,91267ffc-dd94-2d2d-8747-67e471e24cee,Jumbo,50.25
71575c46-b86f-8c45-ff2b-76640b431a60,91267ffc-dd94-2d2d-8747-67e471e24cee,Extra Large,14.43
6f444120-f15a-6b8d-15dc-a867fdb1c4f1,91267ffc-dd94-2d2d-8747-67e471e24cee,Large,13.18
5a2d4e41-0a2f-006e-e555-6fd7f9992d01,91267ffc-dd94-2d2d-8747-67e471e24cee,Medium,43.62
3bb985a5-287f-0f26-a987-da7a08821a0d,91267ffc-dd94-2d2d-8747-67e471e24cee,Small,33.41
be5cab1d-dbfc-f33f-8571-e08d06599c26,91267ffc-dd94-2d2d-8747-67e471e24cee,PeeWee,37.36
9357fc35-08b5-3bed-ef66-eb468874cd03,ceeec716-9d69-7270-77c0-56e3f409af40,Extra Large,31.16
bba6d8a0-66a9-d936-9839-755e30f40751,ceeec716-9d69-7270-77c0-56e3f409af40,Medium,53.56
566e3f2a-e42d-4991-8e86-8da92a7d86c7,ceeec716-9d69-7270-77c0-56e3f409af40,Small,54.18
5a3f4666-cc8f-69e4-6f73-77b44ed213b2,ceeec716-9d69-7270-77c0-56e3f409af40,PeeWee,33.73
b94e21ce-c0c5-13d1-617c-0098cc3e5439,10c96500-cb2c-9faf-7ad7-40104d513449,Jumbo,25.62
d0a496a2-4d55-38d8-9e4c-d0d8b2acc83a,10c96500-cb2c-9faf-7ad7-40104d513449,Extra Large,8.69
4479875a-2a69-73ab-cc23-0f482d25fb53,10c96500-cb2c-9faf-7ad7-40104d513449,Large,21.78
5a643e87-0850-aedc-d141-a4d7521cc208,10c96500-cb2c-9faf-7ad7-40104d513449,Medium,6.1
dec26776-3653-4f09-9a91-8725e1d31c90,10c96500-cb2c-9faf-7ad7-40104d513449,Small,12.48
2a138d0b-59fb-4a8e-9c85-e875337ff951,10c96500-cb2c-9faf-7ad7-40104d513449,PeeWee,5.71
f1900647-e029-97a6-780b-348aba2db9a9,6ccd3e9d-8751-342a-4567-46f83eb15fc7,Jumbo,53.08
12af32fd-71ff-b9b7-c361-b48ccbfd6b42,6ccd3e9d-8751-342a-4567-46f83eb15fc7,Large,49.25
15818b2e-c10f-3631-a6de-651b2c5f1e1a,6ccd3e9d-8751-342a-4567-46f83eb15fc7,Medium,62.86
53d84ac0-fad7-8b56-daa7-d0a7881f2d3c,6ccd3e9d-8751-342a-4567-46f83eb15fc7,Small,20.3
0e34a49a-aff3-b87e-93ff-2d3c57c76c75,e4b90916-2855-089f-c38b-3314fc389ffc,Extra Large,11.04
a8582aa8-201a-9d28-e8cc-3ae65eafa067,e4b90916-2855-089f-c38b-3314fc389ffc,Large,2.14
32cf9838-5132-0ef3-a04f-71c357b9f65c,e4b90916-2855-089f-c38b-3314fc389ffc,Medium,7.57
6a50b8df-adf2-8a9c-a4c5-040464bee261,edc46cec-d17c-4750-f3f9-24186b3c9d09,Jumbo,7.97
e211eb63-28c6-8eb3-fc97-e69884a9504a,edc46cec-d17c-4750-f3f9-24186b3c9d09,Extra Large,5.49
1394a8ef-eb1b-382d-50bb-061257337ba3,edc46cec-d17c-4750-f3f9-24186b3c9d09,Large,14.64
26041c33-4c79-9bcb-f83a-e0ae557520d7,edc46cec-d17c-4750-f3f9-24186b3c9d09,Small,14.8
dc1e79e4-d12f-1ad4-5646-a477d250385a,edc46cec-d17c-4750-f3f9-24186b3c9d09,PeeWee,5.53
bdeb8853-5be7-464a-9eb9-4a926e6514fb,c0e9d748-615c-8844-eccd-9f6a71c0c9d3,Jumbo,29.92
67dae76a-48c8-1b42-1260-5779b2b48351,c0e9d748-615c-8844-eccd-9f6a71c0c9d3,Extra Large,31.85
79b60ee6-aacb-31d1-4362-8df49055072e,c0e9d748-615c-8844-eccd-9f6a71c0c9d3,Large,13.7
eea2222f-f105-6a79-4ec5-630df736ad33,c0e9d748-615c-8844-eccd-9f6a71c0c9d3,Medium,26.81
04754786-d075-25f5-d9bc-4c6785e105cf,5d40cefe-0e65-da12-3463-0e4ce0735115,Jumbo,9.8
78d0bd61-5419-02a9-f09a-33805de589f9,5d40cefe-0e65-da12-3463-0e4ce0735115,Extra Large,50.98
3cbdfcf1-09bf-c699-7729-4387707be940,5d40cefe-0e65-da12-3463-0e4ce0735115,Medium,26.92
fb874cd0-32a8-16f6-343c-0ae79b10dc00,5d40cefe-0e65-da12-3463-0e4ce0735115,Small,57.09
6b9fa57e-15c2-eccf-4070-7e9884caad1c,5d40cefe-0e65-da12-3463-0e4ce0735115,PeeWee,8.87
2f1fbb5a-3f92-1d59-8042-73451329e048,cd54cbaa-543e-1d76-d569-d463fe9a7148,Jumbo,14.1
f430ad3e-f9dc-74e9-1fa0-51a8f3a63e44,cd54cbaa-543e-1d76-d569-d463fe9a7148,Extra Large,31.77
437b677e-13da-b4be-21ff-067fee4866f4,cd54cbaa-543e-1d76-d569-d463fe9a7148,Medium,28.85
e60ba34c-476a-1d6c-2104-df48903f05cc,cd54cbaa-543e-1d76-d569-d463fe9a7148,Small,32.26
8ca002e9-c319-3a8b-4673-85239c9816a2,cd54cbaa-543e-1d76-d569-d463fe9a7148,PeeWee,11.07
08ad5e5b-de20-8bbc-e2e8-ca3b056b6e03,16ee5927-f88a-15ee-e3d8-12cd82d2255b,Jumbo,24.74
a534e5b6-28a9-326a-3ec4-9b9002b1b068,16ee5927-f88a-15ee-e3d8-12cd82d2255b,Extra Large,19.86
e136324a-7e0c-b3dc-10a3-880f8480ef1c,16ee5927-f88a-15ee-e3d8-12cd82d2255b,Medium,15.9
80af57c1-7019-12dd-5b62-9f4455f340fb,16ee5927-f88a-15ee-e3d8-12cd82d2255b,Small,34.13
59e9646f-89c8-4078-cc69-e55df149fd0c,16ee5927-f88a-15ee-e3d8-12cd82d2255b,PeeWee,13.9
b1cf24c0-eb33-059d-c654-a400c7d7936f,fb74b631-5073-e195-c314-401ca725f9fe,Jumbo,63.41
6db2cf33-d283-61af-dbe8-d9cbab0d4d48,fb74b631-5073-e195-c314-401ca725f9fe,Extra Large,16.0
cff47013-adb1-a029-786e-bbc3619c3069,fb74b631-5073-e195-c314-401ca725f9fe,Large,8.44
52255201-af15-9b37-536f-f8f5df740230,fb74b631-5073-e195-c314-401ca725f9fe,Medium,42.22
18e37390-fba9-77b0-13a5-e973eeeae5ec,fb74b631-5073-e195-c314-401ca725f9fe,Small,12.84
fe6bc8af-5360-439e-c3fb-d058d7ab4567,fb74b631-5073-e195-c314-401ca725f9fe,PeeWee,27.86
e9e082a5-af73-a6b4-cb36-415c833e9b8c,f92ca77a-63ee-efb2-5437-80e6ef7e80e2,Jumbo,5.71
0e543e0a-0917-1378-2973-b86a79dae5a5,f92ca77a-63ee-efb2-5437-80e6ef7e80e2,Extra Large,35.24
d8ac6fbf-6dba-89c5-2c02-bb72d3ea995e,f92ca77a-63ee-efb2-5437-80e6ef7e80e2,Large,55.33
98266fdf-4959-e289-53bb-dcbf32e15e93,2a3e27ae-2983-a5ac-ed8a-79224bb1c0c4,Jumbo,18.62
ac1c5bdf-2c46-04a3-d1b9-c98dae0859dd,2a3e27ae-2983-a5ac-ed8a-79224bb1c0c4,Extra Large,33.37
7dd1d29b-dacc-2831-ff0f-6a0018614d09,2a3e27ae-2983-a5ac-ed8a-79224bb1c0c4,Large,20.88
b5438f26-70ac-01fc-ed34-2817effe324b,2a3e27ae-2983-a5ac-ed8a-79224bb1c0c4,Medium,16.02
f02cfe60-290f-8dc2-d2fc-9a4bfd606df0,2a3e27ae-2983-a5ac-ed8a-79224bb1c0c4,Small,17.27
b7810b87-0307-5083-f981-260e259d4e34,2a3e27ae-2983-a5ac-ed8a-79224bb1c0c4,PeeWee,10.98
8fb23179-9aa9-23a3-6f50-cba838302d44,0c2f4f88-57e9-d308-7544-65438dd48dc3,Large,29.8
c6d76d6c-db9f-d43d-b6aa-61f46dd87132,0c2f4f88-57e9-d308-7544-65438dd48dc3,Medium,19.28
3d0fb2ce-dba9-0055-9225-cf2660d181d7,0c2f4f88-57e9-d308-7544-65438dd48dc3,Small,15.23
95c71644-e2fe-20a5-ae9c-f9b1ebf99679,43f10b82-1338-dbc8-5ee5-7a75b0132939,Jumbo,25.94
4e8394b4-9042-173a-41ea-c83027c16c01,43f10b82-1338-dbc8-5ee5-7a75b0132939,Extra Large,40.36
b1488b86-86ea-b206-b02e-a114f1848c92,43f10b82-1338-dbc8-5ee5-7a75b0132939,Large,18.69
74f715d9-1a67-7742-99e5-93c7c8bce2b2,43f10b82-1338-dbc8-5ee5-7a75b0132939,Medium,5.7
31a4678a-f7fd-0c92-f1f5-836921f4ad0e,43f10b82-1338-dbc8-5ee5-7a75b0132939,Small,34.82
93d90278-e6f5-9e1e-f0b3-5f031efa4cce,94d88845-b240-95fc-3d34-f461ac85ebfe,Jumbo,57.5
ad682497-2d04-f113-ab9f-e03ff6c6b135,94d88845-b240-95fc-3d34-f461ac85ebfe,Medium,61.24
3bad7da9-a78b-fdc3-c003-154c1ed27622,94d88845-b240-95fc-3d34-f461ac85ebfe,Small,35.57
62445f4a-7f96-c4f5-a797-b32655c5c20f,94d88845-b240-95fc-3d34-f461ac85ebfe,PeeWee,8.42
c58488d3-080a-8ab5-95d2-574eb1b90960,4ea3dec6-d8e5-1f1c-eed3-ab715642cc87,Extra Large,30.67
2c96c8cd-11a4-87ec-a3fd-4fe020eef2bd,4ea3dec6-d8e5-1f1c-eed3-ab715642cc87,Large,26.67
91dcb751-a716-67ba-63ea-1a7b4c813f75,4ea3dec6-d8e5-1f1c-eed3-ab715642cc87,PeeWee,17.93
b057d760-ec8f-f5a8-77b2-5b7613c0fb75,aa12e92b-0132-2504-4112-6b3877cd3b37,Jumbo,27.43
8727a624-563a-0909-01f8-52ee0483f415,aa12e92b-0132-2504-4112-6b3877cd3b37,Extra Large,6.28
26de2b2d-af83-f76a-ecce-c309d32fb480,aa12e92b-0132-2504-4112-6b3877cd3b37,Large,36.36
10e2de78-d81f-db7a-4bd2-0996abcf4cc0,aa12e92b-0132-2504-4112-6b3877cd3b37,Medium,6.91
c8559223-2326-c13f-9a6b-05aefd34504d,aa12e92b-0132-2504-4112-6b3877cd3b37,Small,39.5
8d45e961-5874-8670-dd3a-b1de6613b23d,aa12e92b-0132-2504-4112-6b3877cd3b37,PeeWee,33.8
8095fbdb-b1c5-f7ab-4a23-2e7d4ed7965d,c111bcc8-7baf-681b-33ab-f228e977a7c4,Jumbo,6.28
4e109ac3-f38e-d1e9-4ac4-4a312ae162ad,c111bcc8-7baf-681b-33ab-f228e977a7c4,Large,24.01
c7bd449c-0c11-9e3c-50d0-af42c1ac5509,c111bcc8-7baf-681b-33ab-f228e977a7c4,Medium,6.04
eca2024b-b6e8-117a-be1a-15b338c99eea,c111bcc8-7baf-681b-33ab-f228e977a7c4,Small,33.56
771b9e0d-489d-98aa-d610-5c87ecb1524a,c111bcc8-7baf-681b-33ab-f228e977a7c4,PeeWee,8.15
b51e3e8e-d8a3-a595-bd86-25513dc17853,6441de07-3f20-af10-d748-fc0032149ed2,Jumbo,17.37
91571d20-c570-f390-f1d1-0d92e242ba25,6441de07-3f20-af10-d748-fc0032149ed2,Extra Large,10.11
76af2472-970e-fe71-f2f9-339fbbcdbf7e,6441de07-3f20-af10-d748-fc0032149ed2,Large,18.04
09ff0656-323f-3691-a5f3-c993b58f28d5,6441de07-3f20-af10-d748-fc0032149ed2,Small,30.17
db86053d-57d3-e445-f54b-4026afb5d05e,6441de07-3f20-af10-d748-fc0032149ed2,PeeWee,58.37
