PRODUCTION_ID,IMPORT_ID,FLOCK_ID,GRADER_NUMBER,BARN_IDENTITY,FLOCK_AGE,EGG_COLOUR,NET_WEIGHT,NET_BOXES,NET_PER_BOX,TOTAL_RECEIVED,REJECTED,LOSS,LEGACY_REJECT_LOSS_TOTAL,TOTAL_ACCEPTED,REPORTING_YEAR,REPORTING_WEEK,CREATED_AT
cd6a4292-f27b-aaf9-89bc-15a5956f5c71,,12d465da-5bb8-8633-537c-9792ab8755c5,G-102,Barn-F6,24,White,2079.98,145.95,14.25,145.95,0.91,1.55,,143.49,2026,5,2026-09-10 10:37:54.228745
78815491-27f6-e649-5c41-c3db7a8efdeb,,0c98ae86-c6cc-ac69-3f7a-9c53bf4302b2,G-114,Barn-B4,46,Mostly White,2555.73,93.16,27.43,93.16,,,4.42,88.74,2026,9,2026-09-10 10:37:54.228745
55e8dc40-9bf0-5d61-11ac-0c76e06ced8c,,4ee18854-e188-6671-a365-10bc0d1899ab,G-105,Barn-G3,63,Brown,2220.66,168.94,13.14,168.94,,,3.77,165.17,2026,33,2026-09-10 10:37:54.228745
1da45e02-cfcd-7bd6-48af-eed2c197cae8,,6dec7c86-6cb1-3e94-399b-8bf85d1956a7,G-105,Barn-F5,90,Brown,2666.52,218.93,12.18,218.93,2.82,0.94,,215.17,2026,8,2026-09-10 10:37:54.228745
4d040862-de03-3333-2f7c-a606e32c19e4,,04fa314f-4d3d-65a0-8981-7872cd715c69,G-121,Barn-A5,22,Brown,2536.35,51.85,48.92,51.85,,,5.22,46.63,2026,47,2026-09-10 10:37:54.228745
a8778c8d-6226-ce53-ca40-ca4c2621aac2,,4ee18854-e188-6671-a365-10bc0d1899ab,G-104,Barn-G1,31,White,1550.86,208.91,7.42,208.91,,,2.92,205.99,2026,50,2026-09-10 10:37:54.228745
3f511ce7-67c7-46e6-0e97-dcd650a1b1f3,,4ee18854-e188-6671-a365-10bc0d1899ab,G-115,Barn-E3,89,White,3922.65,107.97,36.33,107.97,,,4.11,103.86,2026,13,2026-09-10 10:37:54.228745
866a720f-ec3e-f7c7-bfd7-6e42fea37cf6,,4a2a3e41-f835-9314-d263-3d6da014c5d4,G-122,Barn-F3,73,White,809.94,151.07,5.36,151.07,3.97,2.58,,144.52,2026,16,2026-09-10 10:37:54.228745
005c3267-ace5-25ba-2b31-2aa34ba20f83,,6dec7c86-6cb1-3e94-399b-8bf85d1956a7,G-123,Barn-G1,47,White,1263.07,186.25,6.78,186.25,0.83,1.12,,184.3,2026,5,2026-09-10 10:37:54.228745
282a24c8-a053-89ea-63d6-7fda4151c9d7,,feb9a31c-af0a-96c8-bc93-5110cb477e85,G-105,Barn-F2,56,Mostly White,1975.09,158.11,12.49,158.11,0.59,0.17,,157.35,2026,39,2026-09-10 10:37:54.228745
8bf2c0d2-79ab-7fe7-9c79-47f07d8328a5,,04fa314f-4d3d-65a0-8981-7872cd715c69,G-107,Barn-G4,72,Mostly Brown,3981.53,146.42,27.19,146.42,2.57,2.95,,140.9,2026,22,2026-09-10 10:37:54.228745
aeadfeea-c8dd-dd1d-2028-b99127c4e031,,042cb50c-49e9-4266-d15e-f9e89f12c805,G-101,Barn-F5,26,Brown,3573.06,142.0,25.16,142.0,,,1.8,140.2,2026,12,2026-09-10 10:37:54.228745
7d04013f-5e2a-e6c9-4764-6c9e34871dde,,97675669-92a4-f344-0165-f5ddf27efe1f,G-113,Barn-H2,46,Mostly White,1845.13,195.36,9.44,195.36,,,4.8,190.56,2026,40,2026-09-10 10:37:54.228745
f228f801-0066-4c4d-a66b-c7ff597fbce1,,7aecec81-2c07-4a42-f2a5-5c0ca8f399f8,G-120,Barn-A2,61,White,2140.49,101.41,21.11,101.41,,,5.9,95.51,2026,20,2026-09-10 10:37:54.228745
282e989f-3845-abe3-d3f3-971fc313ed66,,d4a7163b-faa2-ac82-d733-291edba947cb,G-127,Barn-F1,18,Brown,1703.42,140.2,12.15,140.2,,,1.35,138.85,2026,9,2026-09-10 10:37:54.228745
5e1b066e-f874-ff34-9611-0b6e65718c12,,feb9a31c-af0a-96c8-bc93-5110cb477e85,G-127,Barn-F6,64,White,2319.49,73.78,31.44,73.78,1.56,1.93,,70.29,2026,22,2026-09-10 10:37:54.228745
5941724b-4b91-3182-ec6a-4502ab0cca3f,,211d941d-9b98-fcfa-363d-1000b27bebf3,G-123,Barn-E1,25,Brown,3797.99,70.25,54.06,70.25,,,5.21,65.04,2026,16,2026-09-10 10:37:54.228745
6ab84e7f-d779-cba1-8291-064c8329121e,,7aecec81-2c07-4a42-f2a5-5c0ca8f399f8,G-119,Barn-E3,23,Mostly Brown,1671.7,43.52,38.41,43.52,1.53,1.61,,40.38,2026,22,2026-09-10 10:37:54.228745
db342d5b-e019-0554-cc2a-1354d3fc8c97,,a5336e83-ebc9-d083-4b2f-d3fba64108e7,G-109,Barn-E1,22,Mostly White,919.5,179.12,5.13,179.12,,,5.19,173.93,2026,17,2026-09-10 10:37:54.228745
ffd2bc07-efc6-27dd-837e-a8d48b3e35f3,,4cc4e40a-7dbb-32c5-48bd-4f5f10befe33,G-130,Barn-B3,60,Brown,1406.43,167.11,8.42,167.11,,,2.28,164.83,2026,28,2026-09-10 10:37:54.228745
59f8443f-dcc1-5550-26f9-af58ffb8073f,,6dec7c86-6cb1-3e94-399b-8bf85d1956a7,G-117,Barn-H5,71,Brown,3052.65,197.73,15.44,197.73,3.82,0.46,,193.45,2026,21,2026-09-10 10:37:54.228745
73d66051-96df-5166-1737-d51d7a4c7e37,,97675669-92a4-f344-0165-f5ddf27efe1f,G-125,Barn-G1,71,Mostly Brown,2401.58,206.86,11.61,206.86,0.99,0.15,,205.72,2026,35,2026-09-10 10:37:54.228745
d24f83f6-f5d6-6395-6bd8-944a81c3990f,,4cc4e40a-7dbb-32c5-48bd-4f5f10befe33,G-120,Barn-H2,46,Brown,2618.1,65.19,40.16,65.19,3.2,1.43,,60.56,2026,8,2026-09-10 10:37:54.228745
55c7767b-b109-edd9-7e7b-4c0481649c68,,a5336e83-ebc9-d083-4b2f-d3fba64108e7,G-118,Barn-G3,43,Mostly White,1953.08,193.41,10.1,193.41,0.8,0.88,,191.73,2026,38,2026-09-10 10:37:54.228745
c2e5c5ae-3e2a-02b9-c82e-fe348290cafa,,5c66c458-1c8c-857b-678f-5a8532f4bdb0,G-122,Barn-H4,43,Mostly Brown,3955.94,168.48,23.48,168.48,,,5.19,163.29,2026,21,2026-09-10 10:37:54.228745
d8ca1ab7-d0d2-22db-efdc-b78ff55f56ce,,7aecec81-2c07-4a42-f2a5-5c0ca8f399f8,G-115,Barn-A2,78,Mostly Brown,2432.27,97.35,24.98,97.35,1.39,1.02,,94.94,2026,2,2026-09-10 10:37:54.228745
c7405acb-5ca1-6366-c129-2fa0189c91ee,,feb9a31c-af0a-96c8-bc93-5110cb477e85,G-126,Barn-F6,55,Mostly White,1047.77,94.16,11.13,94.16,,,5.41,88.75,2026,20,2026-09-10 10:37:54.228745
bde50fb2-3662-e708-fd75-05948cb303ee,,97675669-92a4-f344-0165-f5ddf27efe1f,G-116,Barn-G3,83,White,3610.43,137.54,26.25,137.54,3.57,0.4,,133.57,2026,48,2026-09-10 10:37:54.228745
b266be46-e407-ac50-d51d-5b4fcf7809ff,,feb9a31c-af0a-96c8-bc93-5110cb477e85,G-103,Barn-B2,22,White,3435.05,170.01,20.2,170.01,1.24,2.88,,165.89,2026,43,2026-09-10 10:37:54.228745
3b12c06b-51ca-6201-f67b-69499baa9313,,4cc4e40a-7dbb-32c5-48bd-4f5f10befe33,G-120,Barn-B1,78,White,2195.01,59.0,37.2,59.0,1.77,1.51,,55.72,2026,42,2026-09-10 10:37:54.228745
31ff6e4d-79df-73ff-9d39-500965c2a1ee,,4a2a3e41-f835-9314-d263-3d6da014c5d4,G-123,Barn-F2,21,Brown,3924.74,49.58,79.16,49.58,,,5.93,43.65,2026,16,2026-09-10 10:37:54.228745
bfd8f4e7-8668-8e04-6cd0-d39627c59343,,4ee18854-e188-6671-a365-10bc0d1899ab,G-116,Barn-E2,60,Mostly Brown,2182.67,190.25,11.47,190.25,1.19,0.12,,188.94,2026,51,2026-09-10 10:37:54.228745
a7c5e6a6-fd32-a2ed-408f-56c9a87da33a,,feb9a31c-af0a-96c8-bc93-5110cb477e85,G-119,Barn-G2,35,White,1362.18,157.77,8.63,157.77,1.52,2.81,,153.44,2026,47,2026-09-10 10:37:54.228745
352f890e-00d0-3f09-a668-ff25322ac33f,,7a2d3dec-ab9a-6dca-cc2c-2cdd0f47529b,G-124,Barn-G3,63,White,1758.58,64.08,27.44,64.08,1.12,1.98,,60.98,2026,27,2026-09-10 10:37:54.228745
42a4546b-908e-d156-f1e8-7785f1ceddf6,,7a2d3dec-ab9a-6dca-cc2c-2cdd0f47529b,G-106,Barn-C3,74,Mostly White,1409.35,88.36,15.95,88.36,1.39,0.12,,86.85,2026,14,2026-09-10 10:37:54.228745
3f4b2968-76d0-a2c3-512f-1a2c2be6cb0f,,158fea2b-7187-4113-e976-6981585f0b27,G-115,Barn-C6,43,Mostly White,2650.8,186.22,14.23,186.22,2.8,1.5,,181.92,2026,2,2026-09-10 10:37:54.228745
941db839-27e2-e618-4131-f30fc59eb783,,158fea2b-7187-4113-e976-6981585f0b27,G-105,Barn-E5,67,Brown,1198.19,46.31,25.87,46.31,1.24,0.17,,44.9,2026,31,2026-09-10 10:37:54.228745
0f4f555d-f75a-7404-477d-935960cd2f50,,6dec7c86-6cb1-3e94-399b-8bf85d1956a7,G-110,Barn-D4,30,Mostly Brown,1380.16,197.34,6.99,197.34,,,2.1,195.24,2026,21,2026-09-10 10:37:54.228745
8a38c516-77d0-7b99-eaab-89adfd6f6a66,,4cc4e40a-7dbb-32c5-48bd-4f5f10befe33,G-130,Barn-H2,43,Mostly White,1414.96,172.58,8.2,172.58,,,1.67,170.91,2026,6,2026-09-10 10:37:54.228745
867367dc-62e8-3a32-f3f7-22fa35788589,,811f16c8-12b0-ca82-7cdb-6b4f8f5fda65,G-104,Barn-B1,68,White,2040.24,99.84,20.44,99.84,3.84,1.83,,94.17,2026,1,2026-09-10 10:37:54.228745
e53d2471-c169-b744-79ae-811843a24eee,,4a2a3e41-f835-9314-d263-3d6da014c5d4,G-104,Barn-B1,45,Mostly Brown,3420.54,201.27,16.99,201.27,1.83,1.01,,198.43,2026,9,2026-09-10 10:37:54.228745
a5062125-5d0a-29a3-7ac5-b3f4b09ff5fb,,feb9a31c-af0a-96c8-bc93-5110cb477e85,G-105,Barn-A1,43,White,1620.4,184.23,8.8,184.23,1.27,1.62,,181.34,2026,15,2026-09-10 10:37:54.228745
c150ba6d-9f1b-045b-dc9f-d9a9f60c7c17,,4a2a3e41-f835-9314-d263-3d6da014c5d4,G-121,Barn-E5,21,Brown,2287.88,97.75,23.41,97.75,0.29,0.01,,97.45,2026,51,2026-09-10 10:37:54.228745
fcc55cfb-43e4-faa7-e375-6bba2797b106,,12d465da-5bb8-8633-537c-9792ab8755c5,G-101,Barn-G4,27,Mostly Brown,1784.0,149.71,11.92,149.71,1.89,1.98,,145.84,2026,40,2026-09-10 10:37:54.228745
642d5c49-5704-3f3a-416e-36fa8f5f8095,,0c98ae86-c6cc-ac69-3f7a-9c53bf4302b2,G-118,Barn-F4,78,Brown,2076.0,114.24,18.17,114.24,3.42,1.18,,109.64,2026,30,2026-09-10 10:37:54.228745
bb6488d2-2774-37ba-30b3-f848ce400a47,,a5336e83-ebc9-d083-4b2f-d3fba64108e7,G-120,Barn-G2,52,White,3215.62,116.93,27.5,116.93,0.38,2.31,,114.24,2026,42,2026-09-10 10:37:54.228745
b0c75d6b-4398-f595-2fec-c6598540d618,,feb9a31c-af0a-96c8-bc93-5110cb477e85,G-111,Barn-C1,34,White,1548.66,61.3,25.26,61.3,3.91,2.59,,54.8,2026,27,2026-09-10 10:37:54.228745
496a2e3c-3dae-d125-e83c-1b1d95c8f484,,7a2d3dec-ab9a-6dca-cc2c-2cdd0f47529b,G-124,Barn-A1,61,Mostly Brown,2107.49,103.02,20.46,103.02,,,5.49,97.53,2026,23,2026-09-10 10:37:54.228745
527e557e-ec1c-39f0-8202-fa31862a20a8,,4cc4e40a-7dbb-32c5-48bd-4f5f10befe33,G-126,Barn-F1,67,Mostly Brown,3031.54,41.7,72.7,41.7,3.81,1.91,,35.98,2026,26,2026-09-10 10:37:54.228745
1c9de8c8-9e95-7683-fd16-3851b73c42f7,,97675669-92a4-f344-0165-f5ddf27efe1f,G-119,Barn-G4,55,Brown,2239.14,179.04,12.51,179.04,2.01,1.14,,175.89,2026,40,2026-09-10 10:37:54.228745
4a3107ae-273b-7acc-a0e6-1776986ddf70,,d4a7163b-faa2-ac82-d733-291edba947cb,G-110,Barn-F5,49,Brown,922.69,72.84,12.67,72.84,,,4.33,68.51,2026,9,2026-09-10 10:37:54.228745
a8a19a45-7fe2-ea80-99b6-95cec046ef9c,,d38713cf-60bb-269d-e333-d9dd45e58674,G-112,Barn-G6,49,Mostly Brown,2442.9,90.79,26.91,90.79,,,5.85,84.94,2026,19,2026-09-10 10:37:54.228745
2d66893b-6626-42fb-e6f9-bf277653e8f1,,d38713cf-60bb-269d-e333-d9dd45e58674,G-115,Barn-G3,38,Brown,820.15,82.81,9.9,82.81,0.22,1.05,,81.54,2026,3,2026-09-10 10:37:54.228745
8fa33c2b-252e-066f-5791-4a24d428edaf,,d4a7163b-faa2-ac82-d733-291edba947cb,G-107,Barn-E5,29,Mostly Brown,1602.87,217.09,7.38,217.09,3.13,0.38,,213.58,2026,52,2026-09-10 10:37:54.228745
4f62017a-1477-34c4-0818-897d588e47ca,,feb9a31c-af0a-96c8-bc93-5110cb477e85,G-110,Barn-D3,50,Brown,3035.75,80.01,37.94,80.01,3.15,2.48,,74.38,2026,32,2026-09-10 10:37:54.228745
ac0ddabc-454e-5ff3-7f4f-2abc8cfc3521,,4ee18854-e188-6671-a365-10bc0d1899ab,G-104,Barn-E4,81,Mostly Brown,3319.03,103.07,32.2,103.07,0.5,1.43,,101.14,2026,44,2026-09-10 10:37:54.228745
758d95a6-d503-273e-ed6c-e21624b6dda6,,e97bc674-ea32-7188-1437-74cd0139e254,G-125,Barn-A5,46,Brown,1196.73,42.57,28.11,42.57,,,2.13,40.44,2026,26,2026-09-10 10:37:54.228745
e06340a1-4c90-115f-36cc-adbfd467ab7a,,e97bc674-ea32-7188-1437-74cd0139e254,G-114,Barn-B2,40,White,1520.0,192.85,7.88,192.85,0.25,2.42,,190.18,2026,44,2026-09-10 10:37:54.228745
826d76a0-1392-2629-b359-1ee8d19b81dd,,4cc4e40a-7dbb-32c5-48bd-4f5f10befe33,G-130,Barn-F2,88,Brown,2323.52,131.65,17.65,131.65,3.03,1.58,,127.04,2026,1,2026-09-10 10:37:54.228745
22c82e26-ae2f-8df5-c2be-000a723b259e,,4a2a3e41-f835-9314-d263-3d6da014c5d4,G-123,Barn-D6,89,Brown,1931.94,139.47,13.85,139.47,3.19,0.44,,135.84,2026,19,2026-09-10 10:37:54.228745
64552f3c-0928-8358-93be-57b3544f5168,,feb9a31c-af0a-96c8-bc93-5110cb477e85,G-123,Barn-D1,24,White,1323.46,134.83,9.82,134.83,1.64,2.91,,130.28,2026,43,2026-09-10 10:37:54.228745
fcc08b90-5cce-c6ff-5778-dd57f35d0be6,,5c66c458-1c8c-857b-678f-5a8532f4bdb0,G-117,Barn-A4,47,Brown,983.64,77.94,12.62,77.94,,,4.8,73.14,2026,3,2026-09-10 10:37:54.228745
32058e7a-8db5-58d9-59e5-feef34f0a3f4,,811f16c8-12b0-ca82-7cdb-6b4f8f5fda65,G-121,Barn-A5,43,White,1959.38,158.3,12.38,158.3,,,2.07,156.23,2026,17,2026-09-10 10:37:54.228745
22f0ba22-cc6a-1f68-212a-6587b10b099b,,811f16c8-12b0-ca82-7cdb-6b4f8f5fda65,G-124,Barn-H2,78,Brown,3026.47,108.09,28.0,108.09,1.2,2.33,,104.56,2026,31,2026-09-10 10:37:54.228745
226ff813-c8a6-f043-51f3-0b548a9fb9b2,,211d941d-9b98-fcfa-363d-1000b27bebf3,G-120,Barn-D3,29,Brown,3159.6,68.91,45.85,68.91,,,1.13,67.78,2026,48,2026-09-10 10:37:54.228745
e57cef50-22cc-9d48-8a89-1257c50dd09f,,97675669-92a4-f344-0165-f5ddf27efe1f,G-106,Barn-E1,48,Mostly Brown,2666.18,175.32,15.21,175.32,,,1.83,173.49,2026,13,2026-09-10 10:37:54.228745
3b234eb2-77d6-0696-5142-436d539860fc,,a5336e83-ebc9-d083-4b2f-d3fba64108e7,G-105,Barn-F4,62,White,1731.19,67.55,25.63,67.55,,,1.25,66.3,2026,36,2026-09-10 10:37:54.228745
b66412a2-13f4-83b0-d9e5-1f2f56c6e0d8,,158fea2b-7187-4113-e976-6981585f0b27,G-116,Barn-D6,55,White,2634.58,55.12,47.8,55.12,0.01,1.31,,53.8,2026,13,2026-09-10 10:37:54.228745
d4e1c085-9862-3905-2274-bf1c61827bc0,,7525df8d-7b02-5c66-60bf-7ed5fe8b105f,G-102,Barn-D4,58,Mostly Brown,1528.34,82.26,18.58,82.26,3.42,1.75,,77.09,2026,22,2026-09-10 10:37:54.228745
3321bdb7-2d6e-dfaa-057d-d6c06ff0a253,,4a2a3e41-f835-9314-d263-3d6da014c5d4,G-110,Barn-D6,42,Brown,3795.91,49.32,76.96,49.32,3.49,0.37,,45.46,2026,20,2026-09-10 10:37:54.228745
f0f209f7-d15f-640e-3fe3-6345edcd8f03,,7525df8d-7b02-5c66-60bf-7ed5fe8b105f,G-105,Barn-A5,80,White,3480.22,212.42,16.38,212.42,,,0.75,211.67,2026,33,2026-09-10 10:37:54.228745
c0ac677c-f91e-42a6-c3db-4a483ec7f403,,042cb50c-49e9-4266-d15e-f9e89f12c805,G-103,Barn-F3,27,Mostly Brown,1219.0,196.12,6.22,196.12,1.62,2.73,,191.77,2026,38,2026-09-10 10:37:54.228745
17a56100-9de6-4414-cba1-b4b0c84ff87f,,811f16c8-12b0-ca82-7cdb-6b4f8f5fda65,G-107,Barn-D2,62,Brown,2652.76,174.72,15.18,174.72,3.81,2.04,,168.87,2026,32,2026-09-10 10:37:54.228745
c7f6327b-09a5-7725-81ee-7d6fb29f7603,,211d941d-9b98-fcfa-363d-1000b27bebf3,G-120,Barn-E4,41,Brown,2490.12,163.22,15.26,163.22,,,2.8,160.42,2026,35,2026-09-10 10:37:54.228745
fd3e3c09-3ea1-f15f-0420-48c414b75bee,,4ee18854-e188-6671-a365-10bc0d1899ab,G-126,Barn-D4,77,Brown,1998.58,139.35,14.34,139.35,,,2.62,136.73,2026,23,2026-09-10 10:37:54.228745
24d63d49-080a-68ce-e370-a2da6e8d52f8,,042cb50c-49e9-4266-d15e-f9e89f12c805,G-113,Barn-A5,33,Brown,1910.78,56.24,33.98,56.24,1.94,2.62,,51.68,2026,10,2026-09-10 10:37:54.228745
fe94096a-c4ec-f9d5-b83b-50b917007cf1,,d4a7163b-faa2-ac82-d733-291edba947cb,G-104,Barn-H6,53,Mostly White,3520.01,196.34,17.93,196.34,,,2.9,193.44,2026,21,2026-09-10 10:37:54.228745
e3e6e2cc-b0e4-a5fd-a8a1-cf1105a5bd5e,,211d941d-9b98-fcfa-363d-1000b27bebf3,G-110,Barn-B2,80,Brown,2969.88,203.33,14.61,203.33,,,2.27,201.06,2026,18,2026-09-10 10:37:54.228745
fdc58c67-7d79-5732-a529-2e964a6cff27,,158fea2b-7187-4113-e976-6981585f0b27,G-118,Barn-F1,31,White,3910.24,208.77,18.73,208.77,2.09,2.69,,203.99,2026,6,2026-09-10 10:37:54.228745
03c5963b-ffbd-9dbe-9b1e-1ac63b8a1c21,,042cb50c-49e9-4266-d15e-f9e89f12c805,G-120,Barn-H2,47,Mostly White,2036.94,157.88,12.9,157.88,,,3.1,154.78,2026,44,2026-09-10 10:37:54.228745
4064a6cc-7c17-4b82-41bc-c552cc2dd390,,0c98ae86-c6cc-ac69-3f7a-9c53bf4302b2,G-124,Barn-D4,79,Mostly White,1242.43,50.03,24.83,50.03,3.63,1.13,,45.27,2026,1,2026-09-10 10:37:54.228745
568abc56-6ab3-b680-9de7-5cc3b239f2b9,,6dec7c86-6cb1-3e94-399b-8bf85d1956a7,G-123,Barn-D5,61,White,963.94,207.29,4.65,207.29,3.53,1.43,,202.33,2026,35,2026-09-10 10:37:54.228745
260fda08-4f21-fcb8-8bf8-d9a05e50bc86,,4ee18854-e188-6671-a365-10bc0d1899ab,G-129,Barn-E4,74,Mostly White,884.95,180.01,4.92,180.01,0.98,2.23,,176.8,2026,16,2026-09-10 10:37:54.228745
810e478b-864d-d7b5-69e3-da58f1c82a26,,4cc4e40a-7dbb-32c5-48bd-4f5f10befe33,G-117,Barn-D2,34,Brown,3362.58,149.77,22.45,149.77,3.8,0.26,,145.71,2026,19,2026-09-10 10:37:54.228745
0e3de377-f590-6fdb-3158-b277f590cf52,,97675669-92a4-f344-0165-f5ddf27efe1f,G-125,Barn-G5,33,White,1574.53,90.65,17.37,90.65,,,4.14,86.51,2026,50,2026-09-10 10:37:54.228745
06eb5ecf-e01e-23b1-9962-d50b9e0976c3,,97675669-92a4-f344-0165-f5ddf27efe1f,G-103,Barn-A2,22,Mostly White,1604.07,137.56,11.66,137.56,2.9,0.61,,134.05,2026,41,2026-09-10 10:37:54.228745
792c7d7c-af96-657b-9811-05febb4a7d29,,4cc4e40a-7dbb-32c5-48bd-4f5f10befe33,G-114,Barn-E1,54,White,2287.27,155.65,14.69,155.65,0.04,2.19,,153.42,2026,50,2026-09-10 10:37:54.228745
89f87bb7-4d3c-83ba-1f79-51e0bd93c1a4,,04fa314f-4d3d-65a0-8981-7872cd715c69,G-110,Barn-G6,53,Mostly White,1683.77,80.95,20.8,80.95,,,3.84,77.11,2026,43,2026-09-10 10:37:54.228745
26c0013d-c876-d0bb-fcc5-a0072853a50e,,7525df8d-7b02-5c66-60bf-7ed5fe8b105f,G-102,Barn-C3,27,Brown,1978.62,147.1,13.45,147.1,3.69,0.85,,142.56,2026,16,2026-09-10 10:37:54.228745
fd3aa252-5d94-536d-df39-3e04ca2f6303,,4a2a3e41-f835-9314-d263-3d6da014c5d4,G-125,Barn-F2,44,Brown,2811.62,210.68,13.35,210.68,3.92,0.58,,206.18,2026,14,2026-09-10 10:37:54.228745
bd898ac3-6725-02fa-e53e-3903545923e1,,12d465da-5bb8-8633-537c-9792ab8755c5,G-111,Barn-H6,30,Brown,2139.21,210.31,10.17,210.31,,,3.58,206.73,2026,43,2026-09-10 10:37:54.228745
0f06f944-f682-7770-cc75-35f52b75ba52,,04fa314f-4d3d-65a0-8981-7872cd715c69,G-126,Barn-E6,52,Brown,1876.21,98.65,19.02,98.65,,,2.87,95.78,2026,44,2026-09-10 10:37:54.228745
f37202bf-78da-abaa-b76a-199214384ef1,,feb9a31c-af0a-96c8-bc93-5110cb477e85,G-124,Barn-A4,81,Brown,2835.03,65.97,42.97,65.97,3.56,0.32,,62.09,2026,13,2026-09-10 10:37:54.228745
5dff41e2-1e9a-bf31-7768-0f330b8fdc49,,12d465da-5bb8-8633-537c-9792ab8755c5,G-120,Barn-C4,57,Mostly Brown,3665.25,116.51,31.46,116.51,3.49,1.08,,111.94,2026,16,2026-09-10 10:37:54.228745
01d8e7af-4f42-72c8-865a-6774d5306047,,d4a7163b-faa2-ac82-d733-291edba947cb,G-104,Barn-G5,47,Brown,2592.61,65.21,39.76,65.21,3.55,2.69,,58.97,2026,24,2026-09-10 10:37:54.228745
df7017c7-0fec-eb5a-eba6-0b9966d6b118,,d38713cf-60bb-269d-e333-d9dd45e58674,G-102,Barn-B2,37,White,2250.89,98.93,22.75,98.93,0.65,2.79,,95.49,2026,15,2026-09-10 10:37:54.228745
f8e95a8f-4e1e-d18c-1d0e-87452f31568e,,feb9a31c-af0a-96c8-bc93-5110cb477e85,G-127,Barn-E2,18,White,2366.78,129.72,18.25,129.72,2.5,2.39,,124.83,2026,42,2026-09-10 10:37:54.228745
d448ffba-f18e-d9bb-f944-2afd9a5f9763,,e97bc674-ea32-7188-1437-74cd0139e254,G-122,Barn-B3,66,Brown,1782.96,198.06,9.0,198.06,,,1.05,197.01,2026,8,2026-09-10 10:37:54.228745
ce2ede87-e83e-1203-8663-1cb9d3649e13,,0c98ae86-c6cc-ac69-3f7a-9c53bf4302b2,G-118,Barn-F3,58,White,3577.33,98.01,36.5,98.01,1.54,2.43,,94.04,2026,43,2026-09-10 10:37:54.228745
8d19e93c-8a91-0872-8a5e-e8145201a5f2,,7525df8d-7b02-5c66-60bf-7ed5fe8b105f,G-128,Barn-C1,74,Mostly White,3879.25,85.49,45.38,85.49,,,4.24,81.25,2026,27,2026-09-10 10:37:54.228745
25f7fc8b-ac0c-9599-9b58-6f39e7f341c5,,97675669-92a4-f344-0165-f5ddf27efe1f,G-119,Barn-H2,39,White,1210.56,216.28,5.6,216.28,1.0,0.48,,214.8,2026,21,2026-09-10 10:37:54.228745
4d8ed68b-f2c5-2774-e160-a81362fb45b1,,4ee18854-e188-6671-a365-10bc0d1899ab,G-103,Barn-E3,21,White,1595.52,133.5,11.95,133.5,1.41,1.56,,130.53,2026,46,2026-09-10 10:37:54.228745
05388de7-7184-2de1-fddf-b0d80842e250,,7aecec81-2c07-4a42-f2a5-5c0ca8f399f8,G-123,Barn-C2,87,Brown,3150.28,52.78,59.69,52.78,,,4.33,48.45,2026,27,2026-09-10 10:37:54.228745
c026ae30-3318-c022-bf3a-b9bceccd7f55,,4ee18854-e188-6671-a365-10bc0d1899ab,G-127,Barn-B5,30,Mostly White,1220.04,97.87,12.47,97.87,2.75,2.63,,92.49,2026,30,2026-09-10 10:37:54.228745
e6544aa3-a636-00c3-9c7f-aa05c1c76d60,,4a2a3e41-f835-9314-d263-3d6da014c5d4,G-113,Barn-D3,25,Brown,3211.65,193.36,16.61,193.36,1.85,0.02,,191.49,2026,47,2026-09-10 10:37:54.228745
3d8f0096-be7f-99a5-9da1-8c41ea7f2400,,12d465da-5bb8-8633-537c-9792ab8755c5,G-117,Barn-B5,20,White,1953.83,113.02,17.29,113.02,1.35,0.69,,110.98,2026,26,2026-09-10 10:37:54.228745
662f0ac0-2667-0894-b4a9-9f8e83f2c29e,,4ee18854-e188-6671-a365-10bc0d1899ab,G-116,Barn-F3,84,Mostly White,3652.17,104.53,34.94,104.53,0.64,0.95,,102.94,2026,24,2026-09-10 10:37:54.228745
136da868-6479-1ce9-c08c-d541b02877c8,,5c66c458-1c8c-857b-678f-5a8532f4bdb0,G-122,Barn-E5,72,White,2433.32,72.1,33.75,72.1,0.11,1.24,,70.75,2026,44,2026-09-10 10:37:54.228745
a08a2d88-0a8b-7d3f-eea9-2d3449987b74,,a5336e83-ebc9-d083-4b2f-d3fba64108e7,G-106,Barn-A5,88,Mostly Brown,3195.55,173.54,18.41,173.54,,,1.73,171.81,2026,26,2026-09-10 10:37:54.228745
756e7f83-3883-1cc7-d8a5-a8709f2cdde1,,6dec7c86-6cb1-3e94-399b-8bf85d1956a7,G-106,Barn-A6,40,White,1080.49,46.93,23.02,46.93,,,2.33,44.6,2026,47,2026-09-10 10:37:54.228745
506d867e-3e53-5110-4ca7-256c26d8c268,,feb9a31c-af0a-96c8-bc93-5110cb477e85,G-115,Barn-F6,57,Mostly Brown,3199.65,93.41,34.25,93.41,2.65,2.87,,87.89,2026,21,2026-09-10 10:37:54.228745
06eb043b-30ba-99ad-d4c1-eaad1a760a18,,7a2d3dec-ab9a-6dca-cc2c-2cdd0f47529b,G-127,Barn-C4,37,Brown,3410.29,210.33,16.21,210.33,2.13,1.7,,206.5,2026,21,2026-09-10 10:37:54.228745
6db9dce6-a7da-29cc-a837-9c8abc9ac354,,97675669-92a4-f344-0165-f5ddf27efe1f,G-112,Barn-C1,62,Mostly Brown,2708.67,142.64,18.99,142.64,3.9,0.64,,138.1,2026,36,2026-09-10 10:37:54.228745
1eef545b-d8f8-b8a7-4d18-69a8ede3cb2c,,4cc4e40a-7dbb-32c5-48bd-4f5f10befe33,G-104,Barn-A3,51,Brown,2080.02,145.1,14.34,145.1,1.58,0.34,,143.18,2026,49,2026-09-10 10:37:54.228745
998baf21-94a6-2381-abda-7354c9993ead,,211d941d-9b98-fcfa-363d-1000b27bebf3,G-120,Barn-F1,39,Brown,2368.74,197.63,11.99,197.63,1.38,2.88,,193.37,2026,25,2026-09-10 10:37:54.228745
db1ed5d6-62f8-9a91-f1c6-b43322264348,,a5336e83-ebc9-d083-4b2f-d3fba64108e7,G-129,Barn-G3,21,White,1691.51,66.83,25.31,66.83,0.63,0.86,,65.34,2026,9,2026-09-10 10:37:54.228745
195f9757-6a7f-2f90-3ed0-6753ebee7b4b,,4ee18854-e188-6671-a365-10bc0d1899ab,G-109,Barn-E1,26,Mostly Brown,1634.33,41.0,39.86,41.0,2.35,2.64,,36.01,2026,14,2026-09-10 10:37:54.228745
48fbd08a-a636-d9d9-fcc8-4773eefd9522,,04fa314f-4d3d-65a0-8981-7872cd715c69,G-107,Barn-B4,75,White,1411.08,163.76,8.62,163.76,1.72,0.34,,161.7,2026,15,2026-09-10 10:37:54.228745
43447800-867b-4802-9221-2f30e674186a,,5c66c458-1c8c-857b-678f-5a8532f4bdb0,G-126,Barn-A6,69,White,3558.92,113.0,31.49,113.0,,,2.0,111.0,2026,32,2026-09-10 10:37:54.228745
ecdcc589-f7cf-970e-734f-3279db6213dd,,4ee18854-e188-6671-a365-10bc0d1899ab,G-130,Barn-H6,31,Brown,3857.3,133.0,29.0,133.0,,,4.57,128.43,2026,50,2026-09-10 10:37:54.228745
196d1ab5-923d-38e7-4857-023d6cac758d,,4cc4e40a-7dbb-32c5-48bd-4f5f10befe33,G-121,Barn-E6,65,White,1813.51,43.44,41.75,43.44,3.73,1.07,,38.64,2026,40,2026-09-10 10:37:54.228745
9a33597d-c92e-07e0-8a68-84d6570e08db,,a5336e83-ebc9-d083-4b2f-d3fba64108e7,G-106,Barn-E2,36,Mostly White,2373.87,197.16,12.04,197.16,,,3.61,193.55,2026,37,2026-09-10 10:37:54.228745
c851a1b5-59f8-54f7-95da-ed2e2577555f,,7525df8d-7b02-5c66-60bf-7ed5fe8b105f,G-119,Barn-A1,71,White,2918.72,156.1,18.7,156.1,0.15,2.65,,153.3,2026,5,2026-09-10 10:37:54.228745
2f0dcf09-fb53-5d13-76a5-829e49504884,,7525df8d-7b02-5c66-60bf-7ed5fe8b105f,G-127,Barn-G1,40,Mostly Brown,2512.1,112.46,22.34,112.46,,,4.69,107.77,2026,18,2026-09-10 10:37:54.228745
6ac8d16f-578f-d04f-a724-83c05a1a9e62,,97675669-92a4-f344-0165-f5ddf27efe1f,G-116,Barn-B3,79,Mostly White,2534.2,138.13,18.35,138.13,,,3.93,134.2,2026,48,2026-09-10 10:37:54.228745
00421d4c-6d7f-e83a-0635-ff21cc36275a,,feb9a31c-af0a-96c8-bc93-5110cb477e85,G-124,Barn-B4,33,Mostly Brown,3980.55,155.91,25.53,155.91,3.09,2.39,,150.43,2026,37,2026-09-10 10:37:54.228745
252b6f68-1340-c871-934b-81aaed543e93,,5c66c458-1c8c-857b-678f-5a8532f4bdb0,G-104,Barn-H4,70,Mostly White,3270.84,128.0,25.55,128.0,1.52,0.05,,126.43,2026,21,2026-09-10 10:37:54.228745
6eaccc81-e0d5-ad59-96dc-7df912881fbc,,6dec7c86-6cb1-3e94-399b-8bf85d1956a7,G-101,Barn-A3,70,Brown,3947.09,179.77,21.96,179.77,1.52,2.83,,175.42,2026,45,2026-09-10 10:37:54.228745
828aa81a-cf2d-9aae-0fc3-f046c866830b,,211d941d-9b98-fcfa-363d-1000b27bebf3,G-108,Barn-E4,57,White,891.27,79.24,11.25,79.24,3.25,0.69,,75.3,2026,9,2026-09-10 10:37:54.228745
b871b3e9-8dc6-db99-3ce8-70d717aa6082,,feb9a31c-af0a-96c8-bc93-5110cb477e85,G-120,Barn-F5,36,Mostly White,2029.66,49.29,41.18,49.29,,,3.96,45.33,2026,2,2026-09-10 10:37:54.228745
a8caaee8-317d-5555-8da3-b4796cbcc287,,feb9a31c-af0a-96c8-bc93-5110cb477e85,G-110,Barn-D5,76,Mostly White,3674.39,199.18,18.45,199.18,1.85,2.64,,194.69,2026,33,2026-09-10 10:37:54.228745
6e7ba8cd-878f-18fa-5cc9-d7c365e88d69,,042cb50c-49e9-4266-d15e-f9e89f12c805,G-122,Barn-G5,42,Mostly White,2689.01,115.05,23.37,115.05,0.39,1.01,,113.65,2026,28,2026-09-10 10:37:54.228745
b0560e52-142d-eef1-1348-0db459cac2a8,,d4a7163b-faa2-ac82-d733-291edba947cb,G-118,Barn-G5,88,White,3172.09,202.82,15.64,202.82,1.13,1.52,,200.17,2026,17,2026-09-10 10:37:54.228745
a8f8ed3d-bd66-760f-9ca2-0a6fd9d3992c,,0c98ae86-c6cc-ac69-3f7a-9c53bf4302b2,G-117,Barn-H2,36,Mostly White,986.91,121.79,8.1,121.79,3.47,1.55,,116.77,2026,42,2026-09-10 10:37:54.228745
1519f581-9c5a-04c9-db97-2e37a0305645,,7525df8d-7b02-5c66-60bf-7ed5fe8b105f,G-109,Barn-B1,88,Mostly White,3149.36,218.42,14.42,218.42,1.44,2.89,,214.09,2026,20,2026-09-10 10:37:54.228745
2581c8cd-558a-e380-8de5-0a5b3e7c7c94,,158fea2b-7187-4113-e976-6981585f0b27,G-102,Barn-G2,77,Mostly White,1038.15,178.92,5.8,178.92,3.78,0.14,,175.0,2026,11,2026-09-10 10:37:54.228745
797c5aa0-5a00-9d52-c8ab-c6403208b902,,0c98ae86-c6cc-ac69-3f7a-9c53bf4302b2,G-118,Barn-A1,40,Brown,2848.13,59.15,48.15,59.15,0.96,0.4,,57.79,2026,44,2026-09-10 10:37:54.228745
31a4cb1a-5248-37f5-247c-78515126008f,,7aecec81-2c07-4a42-f2a5-5c0ca8f399f8,G-118,Barn-A6,32,Mostly Brown,2011.13,87.59,22.96,87.59,,,1.85,85.74,2026,33,2026-09-10 10:37:54.228745
45112d15-d72d-f609-934a-71fd4168d57e,,97675669-92a4-f344-0165-f5ddf27efe1f,G-106,Barn-H3,34,Brown,3805.84,131.06,29.04,131.06,,,5.09,125.97,2026,44,2026-09-10 10:37:54.228745
bd370054-6445-58a7-2196-646aab6c501f,,0c98ae86-c6cc-ac69-3f7a-9c53bf4302b2,G-110,Barn-B1,50,Brown,3690.78,109.65,33.66,109.65,2.33,1.76,,105.56,2026,5,2026-09-10 10:37:54.228745
aa94d541-a583-fe7b-e668-e117d8cd9a2a,,4a2a3e41-f835-9314-d263-3d6da014c5d4,G-109,Barn-B5,29,Brown,1429.07,89.74,15.92,89.74,1.85,1.6,,86.29,2026,17,2026-09-10 10:37:54.228745
366e3291-d9d1-6a52-e3c7-99e5358475d4,,4cc4e40a-7dbb-32c5-48bd-4f5f10befe33,G-124,Barn-C6,82,White,1569.55,118.57,13.24,118.57,,,5.34,113.23,2026,14,2026-09-10 10:37:54.228745
a7bd4b67-262e-0859-896c-45111e7d06f8,,158fea2b-7187-4113-e976-6981585f0b27,G-120,Barn-A1,60,Mostly Brown,896.01,172.62,5.19,172.62,,,2.6,170.02,2026,13,2026-09-10 10:37:54.228745
9be14de3-17d6-eeb4-f037-b123b1271b96,,a5336e83-ebc9-d083-4b2f-d3fba64108e7,G-107,Barn-A5,53,Mostly White,2712.52,95.63,28.36,95.63,,,2.08,93.55,2026,8,2026-09-10 10:37:54.228745
d22c6f70-0439-7420-e652-820902f9c977,,5c66c458-1c8c-857b-678f-5a8532f4bdb0,G-102,Barn-A5,42,Mostly White,1850.35,175.27,10.56,175.27,0.79,1.68,,172.8,2026,17,2026-09-10 10:37:54.228745
65ec8783-243b-e2e7-4477-7a775a586835,,04fa314f-4d3d-65a0-8981-7872cd715c69,G-122,Barn-B1,19,Mostly Brown,2129.61,150.19,14.18,150.19,1.31,0.67,,148.21,2026,31,2026-09-10 10:37:54.228745
4f666d21-a93e-1ada-e82b-d51ae0c63f1c,,5c66c458-1c8c-857b-678f-5a8532f4bdb0,G-108,Barn-D4,35,Mostly White,2785.88,181.54,15.35,181.54,,,2.82,178.72,2026,20,2026-09-10 10:37:54.228745
749a5d58-56a5-cf5f-d228-bb4dad7e3a70,,97675669-92a4-f344-0165-f5ddf27efe1f,G-106,Barn-B1,34,Brown,1789.57,195.63,9.15,195.63,,,4.35,191.28,2026,14,2026-09-10 10:37:54.228745
9073a242-eb74-c3f0-c1ea-e68fba999416,,4ee18854-e188-6671-a365-10bc0d1899ab,G-128,Barn-H3,32,Mostly Brown,3053.14,137.95,22.13,137.95,,,3.22,134.73,2026,40,2026-09-10 10:37:54.228745
6db2ec67-e33f-2feb-b2e1-73822a2389da,,4ee18854-e188-6671-a365-10bc0d1899ab,G-126,Barn-C1,41,White,2146.86,194.83,11.02,194.83,3.37,0.82,,190.64,2026,32,2026-09-10 10:37:54.228745
e7ae023f-4315-7d3c-117e-5c84830ffd60,,12d465da-5bb8-8633-537c-9792ab8755c5,G-128,Barn-H4,49,Brown,2759.23,46.81,58.95,46.81,,,1.44,45.37,2026,47,2026-09-10 10:37:54.228745
97bde92b-1d86-6510-50f0-006bcafacdde,,7525df8d-7b02-5c66-60bf-7ed5fe8b105f,G-116,Barn-E3,74,Brown,3522.37,198.01,17.79,198.01,2.33,1.28,,194.4,2026,30,2026-09-10 10:37:54.228745
e5f36ddd-5ce8-dee9-79f5-47ff6ffc7d61,,811f16c8-12b0-ca82-7cdb-6b4f8f5fda65,G-100,Barn-D1,67,White,3939.86,196.6,20.04,196.6,,,4.05,192.55,2026,29,2026-09-10 10:37:54.228745
9c8a7ed2-9c92-d2fe-8627-d118a4539221,,a5336e83-ebc9-d083-4b2f-d3fba64108e7,G-105,Barn-C5,80,Mostly White,920.59,42.95,21.43,42.95,1.27,2.71,,38.97,2026,10,2026-09-10 10:37:54.228745
8a5b19be-8f12-65b1-61b2-af2ebe0fd2e2,,97675669-92a4-f344-0165-f5ddf27efe1f,G-116,Barn-E1,23,White,2664.0,119.11,22.37,119.11,3.2,0.98,,114.93,2026,34,2026-09-10 10:37:54.228745
0e01f535-d213-7b83-e52d-752a1318aa7e,,158fea2b-7187-4113-e976-6981585f0b27,G-104,Barn-E1,54,Mostly Brown,1333.28,181.29,7.35,181.29,0.79,1.75,,178.75,2026,43,2026-09-10 10:37:54.228745
2e8d3996-e622-6558-3d69-1792bd732ad3,,feb9a31c-af0a-96c8-bc93-5110cb477e85,G-125,Barn-D6,28,Brown,1847.36,196.13,9.42,196.13,,,4.69,191.44,2026,4,2026-09-10 10:37:54.228745
640f2a8b-2551-636d-5669-9ca0c5b08025,,a5336e83-ebc9-d083-4b2f-d3fba64108e7,G-119,Barn-H6,79,Brown,1529.7,112.62,13.58,112.62,2.97,2.37,,107.28,2026,39,2026-09-10 10:37:54.228745
9792c12c-66e9-2e54-591a-56898e4fe2e9,,4a2a3e41-f835-9314-d263-3d6da014c5d4,G-109,Barn-H1,88,White,2597.29,81.87,31.72,81.87,3.09,1.75,,77.03,2026,49,2026-09-10 10:37:54.228745
cbaa3439-c9ca-d6ae-9590-93e6c173f4ad,,5c66c458-1c8c-857b-678f-5a8532f4bdb0,G-119,Barn-H6,25,Mostly Brown,3982.57,130.08,30.62,130.08,1.59,0.75,,127.74,2026,47,2026-09-10 10:37:54.228745
49db3563-d5dd-a1ef-2741-2733f24f02e4,,4a2a3e41-f835-9314-d263-3d6da014c5d4,G-106,Barn-C3,38,Brown,1459.62,199.32,7.32,199.32,2.76,1.66,,194.9,2026,47,2026-09-10 10:37:54.228745
9aaac6d4-cb8e-4f52-6d47-627a8dd05ab6,,4a2a3e41-f835-9314-d263-3d6da014c5d4,G-123,Barn-B2,36,White,1798.0,53.25,33.77,53.25,3.12,0.21,,49.92,2026,5,2026-09-10 10:37:54.228745
cdd205c0-7b2d-b56e-7c56-f2e814542ba4,,d4a7163b-faa2-ac82-d733-291edba947cb,G-114,Barn-H6,61,Mostly White,1515.15,82.92,18.27,82.92,3.23,1.4,,78.29,2026,17,2026-09-10 10:37:54.228745
246d2260-aee4-518a-8961-64e0b4872f47,,6dec7c86-6cb1-3e94-399b-8bf85d1956a7,G-130,Barn-G2,39,White,1520.33,49.04,31.0,49.04,0.89,2.77,,45.38,2026,42,2026-09-10 10:37:54.228745
5e946a51-0ede-6389-e241-464725c3c103,,4a2a3e41-f835-9314-d263-3d6da014c5d4,G-110,Barn-C6,86,Mostly White,3730.17,41.95,88.92,41.95,,,0.7,41.25,2026,37,2026-09-10 10:37:54.228745
0807f48a-51cc-8616-5ed9-8050b1aabcac,,7a2d3dec-ab9a-6dca-cc2c-2cdd0f47529b,G-118,Barn-C2,90,Brown,3821.06,101.64,37.59,101.64,3.01,0.01,,98.62,2026,23,2026-09-10 10:37:54.228745
91140700-f5c0-7a44-d7d9-2f6b1cf0f0dc,,97675669-92a4-f344-0165-f5ddf27efe1f,G-126,Barn-G6,26,Mostly White,1140.32,161.85,7.05,161.85,3.66,0.55,,157.64,2026,1,2026-09-10 10:37:54.228745
dd311c43-6d2c-b154-6c80-b41379fc0780,,6dec7c86-6cb1-3e94-399b-8bf85d1956a7,G-105,Barn-C6,74,White,1145.11,44.21,25.9,44.21,,,5.77,38.44,2026,5,2026-09-10 10:37:54.228745
c29cc877-5de7-df95-61e8-cafd7809144b,,4cc4e40a-7dbb-32c5-48bd-4f5f10befe33,G-120,Barn-H1,51,White,1349.5,175.19,7.7,175.19,0.49,1.77,,172.93,2026,6,2026-09-10 10:37:54.228745
0b2ab167-2bc4-300a-aae8-99f1d0765f9a,,7525df8d-7b02-5c66-60bf-7ed5fe8b105f,G-107,Barn-H2,89,Mostly White,2652.36,138.01,19.22,138.01,,,3.67,134.34,2026,8,2026-09-10 10:37:54.228745
89c27cb5-21eb-e0da-52b4-00cb38ba9268,,d4a7163b-faa2-ac82-d733-291edba947cb,G-104,Barn-A3,34,Brown,1554.87,198.47,7.83,198.47,0.85,2.22,,195.4,2026,13,2026-09-10 10:37:54.228745
00da2929-00e9-0613-5129-58ae60002faa,,d4a7163b-faa2-ac82-d733-291edba947cb,G-122,Barn-B6,73,Mostly Brown,3709.92,101.86,36.42,101.86,,,2.6,99.26,2026,45,2026-09-10 10:37:54.228745
e732b9c9-5f02-8690-7027-998656c48d22,,97675669-92a4-f344-0165-f5ddf27efe1f,G-117,Barn-G4,28,White,3294.08,111.68,29.5,111.68,2.76,0.44,,108.48,2026,40,2026-09-10 10:37:54.228745
5f051fcc-f047-23a1-24c9-da94213a5849,,d38713cf-60bb-269d-e333-d9dd45e58674,G-129,Barn-D2,90,Brown,2177.12,154.8,14.06,154.8,3.81,0.82,,150.17,2026,21,2026-09-10 10:37:54.228745
d2164895-fd34-1b87-398e-6a7c12ae9721,,a5336e83-ebc9-d083-4b2f-d3fba64108e7,G-123,Barn-C2,77,Mostly Brown,1252.01,187.3,6.68,187.3,1.02,2.75,,183.53,2026,41,2026-09-10 10:37:54.228745
5b34baae-4a78-f6a1-122a-66176971fef8,,feb9a31c-af0a-96c8-bc93-5110cb477e85,G-103,Barn-C3,55,Mostly Brown,3934.11,167.61,23.47,167.61,,,1.56,166.05,2026,6,2026-09-10 10:37:54.228745
e718d784-3c4a-c11f-c7f4-f2946ff75729,,4ee18854-e188-6671-a365-10bc0d1899ab,G-104,Barn-E3,73,Mostly Brown,1660.69,193.12,8.6,193.12,2.01,1.57,,189.54,2026,41,2026-09-10 10:37:54.228745
81add1fc-1e9e-2d15-d52a-643faac26c64,,04fa314f-4d3d-65a0-8981-7872cd715c69,G-120,Barn-F1,20,White,1148.51,138.03,8.32,138.03,0.18,1.49,,136.36,2026,34,2026-09-10 10:37:54.228745
bbcf8295-51c5-8825-4230-d22eeb5bbf07,,a5336e83-ebc9-d083-4b2f-d3fba64108e7,G-101,Barn-H6,42,White,1991.32,117.61,16.93,117.61,,,4.12,113.49,2026,18,2026-09-10 10:37:54.228745
aa30e41c-810b-f03b-ce6d-b37aaa3dd3c5,,211d941d-9b98-fcfa-363d-1000b27bebf3,G-109,Barn-F4,56,Brown,2668.49,100.42,26.57,100.42,0.17,2.52,,97.73,2026,13,2026-09-10 10:37:54.228745
91267ffc-dd94-2d2d-8747-67e471e24cee,,158fea2b-7187-4113-e976-6981585f0b27,G-111,Barn-G4,51,White,3375.41,195.43,17.27,195.43,1.68,1.51,,192.24,2026,36,2026-09-10 10:37:54.228745
ceeec716-9d69-7270-77c0-56e3f409af40,,a5336e83-ebc9-d083-4b2f-d3fba64108e7,G-124,Barn-G2,86,Brown,3565.27,210.98,16.9,210.98,1.98,0.89,,208.11,2026,50,2026-09-10 10:37:54.228745
10c96500-cb2c-9faf-7ad7-40104d513449,,211d941d-9b98-fcfa-363d-1000b27bebf3,G-120,Barn-A5,72,Mostly Brown,1186.2,83.04,14.28,83.04,,,2.67,80.37,2026,23,2026-09-10 10:37:54.228745
6ccd3e9d-8751-342a-4567-46f83eb15fc7,,0c98ae86-c6cc-ac69-3f7a-9c53bf4302b2,G-119,Barn-B1,30,Brown,1491.09,206.91,7.21,206.91,,,1.25,205.66,2026,6,2026-09-10 10:37:54.228745
e4b90916-2855-089f-c38b-3314fc389ffc,,6dec7c86-6cb1-3e94-399b-8bf85d1956a7,G-127,Barn-D3,83,White,2284.54,46.65,48.97,46.65,0.75,2.22,,43.68,2026,27,2026-09-10 10:37:54.228745
edc46cec-d17c-4750-f3f9-24186b3c9d09,,7aecec81-2c07-4a42-f2a5-5c0ca8f399f8,G-125,Barn-H6,23,Mostly Brown,3364.8,60.03,56.05,60.03,3.34,0.46,,56.23,2026,4,2026-09-10 10:37:54.228745
c0e9d748-615c-8844-eccd-9f6a71c0c9d3,,4a2a3e41-f835-9314-d263-3d6da014c5d4,G-110,Barn-H1,31,Mostly Brown,1198.33,146.71,8.17,146.71,1.15,2.31,,143.25,2026,27,2026-09-10 10:37:54.228745
5d40cefe-0e65-da12-3463-0e4ce0735115,,e97bc674-ea32-7188-1437-74cd0139e254,G-115,Barn-C5,31,White,3089.29,178.59,17.3,178.59,,,3.7,174.89,2026,13,2026-09-10 10:37:54.228745
cd54cbaa-543e-1d76-d569-d463fe9a7148,,0c98ae86-c6cc-ac69-3f7a-9c53bf4302b2,G-106,Barn-D4,81,Mostly Brown,869.05,136.44,6.37,136.44,0.36,1.58,,134.5,2026,42,2026-09-10 10:37:54.228745
16ee5927-f88a-15ee-e3d8-12cd82d2255b,,4ee18854-e188-6671-a365-10bc0d1899ab,G-114,Barn-D3,37,Mostly Brown,2469.94,142.61,17.32,142.61,2.47,2.35,,137.79,2026,43,2026-09-10 10:37:54.228745
fb74b631-5073-e195-c314-401ca725f9fe,,7525df8d-7b02-5c66-60bf-7ed5fe8b105f,G-106,Barn-B4,66,White,2684.03,176.21,15.23,176.21,3.28,2.16,,170.77,2026,42,2026-09-10 10:37:54.228745
f92ca77a-63ee-efb2-5437-80e6ef7e80e2,,a5336e83-ebc9-d083-4b2f-d3fba64108e7,G-116,Barn-C1,70,Mostly Brown,1340.93,176.53,7.6,176.53,,,2.02,174.51,2026,41,2026-09-10 10:37:54.228745
2a3e27ae-2983-a5ac-ed8a-79224bb1c0c4,,158fea2b-7187-4113-e976-6981585f0b27,G-125,Barn-A1,73,Mostly Brown,2649.14,119.48,22.17,119.48,1.78,0.56,,117.14,2026,18,2026-09-10 10:37:54.228745
0c2f4f88-57e9-d308-7544-65438dd48dc3,,04fa314f-4d3d-65a0-8981-7872cd715c69,G-102,Barn-F3,81,Brown,1018.03,179.32,5.68,179.32,1.21,0.22,,177.89,2026,39,2026-09-10 10:37:54.228745
43f10b82-1338-dbc8-5ee5-7a75b0132939,,feb9a31c-af0a-96c8-bc93-5110cb477e85,G-103,Barn-F2,89,Mostly White,2540.74,149.75,16.97,149.75,,,0.77,148.98,2026,41,2026-09-10 10:37:54.228745
94d88845-b240-95fc-3d34-f461ac85ebfe,,feb9a31c-af0a-96c8-bc93-5110cb477e85,G-125,Barn-F4,58,Brown,1380.86,215.21,6.42,215.21,,,1.52,213.69,2026,51,2026-09-10 10:37:54.228745
4ea3dec6-d8e5-1f1c-eed3-ab715642cc87,,4a2a3e41-f835-9314-d263-3d6da014c5d4,G-114,Barn-D5,45,Brown,1950.19,155.06,12.58,155.06,2.69,2.8,,149.57,2026,41,2026-09-10 10:37:54.228745
aa12e92b-0132-2504-4112-6b3877cd3b37,,042cb50c-49e9-4266-d15e-f9e89f12c805,G-125,Barn-B4,52,White,1079.13,153.29,7.04,153.29,0.3,2.71,,150.28,2026,48,2026-09-10 10:37:54.228745
c111bcc8-7baf-681b-33ab-f228e977a7c4,,042cb50c-49e9-4266-d15e-f9e89f12c805,G-126,Barn-C6,24,White,2775.26,96.28,28.82,96.28,1.2,1.33,,93.75,2026,2,2026-09-10 10:37:54.228745
6441de07-3f20-af10-d748-fc0032149ed2,,6dec7c86-6cb1-3e94-399b-8bf85d1956a7,G-124,Barn-E6,32,Brown,1262.29,183.56,6.88,183.56,0.28,0.14,,183.14,2026,35,2026-09-10 10:37:54.228745
